name,email,phone,department,manager,location,user_name,title,sys_id,schedule
survey user,survey.user@email.com,,HR,Kris Persson,,survey.user,,005d500b536073005e0addeeff7b12f4,
Lucius Bagnoli,lucius.bagnoli@example.com,,Customer Support,ATF_TestItilUser2 ATF_TestItilUser2,"2-10-1 Yurakucho, Chiyoda-ku, Tokyo",lucius.bagnoli,,02826bf03710200044e0bfc8bcbe5d3f,
Jimmie Barninger,jimmie.barninger@example.com,,Sales,Tia Neumaier,"Carrera 54 No. 49 - 31, Medellin",jimmie.barninger,,02826bf03710200044e0bfc8bcbe5d55,
Melinda Carleton,melinda.carleton@example.com,,Sales,Caitlin Reiniger,"3 Whitehall Court, London",melinda.carleton,,02826bf03710200044e0bfc8bcbe5d5e,
Jewel Agresta,jewel.agresta@example.com,,IT,Ed Gompf,"3 Whitehall Court, London",jewel.agresta,,02826bf03710200044e0bfc8bcbe5d64,
Sean Bonnet,sean.bonnet@example.com,,Finance,Certification Admin,"8306 Mills Drive, Miami,FL",sean.bonnet,,02826bf03710200044e0bfc8bcbe5d6d,
Jacinto Gawron,jacinto.gawron@example.com,,Finance,Devon Samrah,"8306 Mills Drive, Miami,FL",jacinto.gawron,,02826bf03710200044e0bfc8bcbe5d76,
Krystle Stika,krystle.stika@example.com,,Customer Support,Lizzie Torregrossa,"946 Donax Avenue, Imperial Beach,CA",krystle.stika,,02826bf03710200044e0bfc8bcbe5d7f,
Billie Cowley,billie.cowley@example.com,,Customer Support,ATF_TestItilUser2 ATF_TestItilUser2,"13308 Midland Road, Poway,CA",billie.cowley,,02826bf03710200044e0bfc8bcbe5d88,
Christian Marnell,christian.marnell@example.com,,IT,Ed Gompf,"Karmelitska 2, Lesser Town, Prague",christian.marnell,,02826bf03710200044e0bfc8bcbe5d91,
Naomi Greenly,naomi.greenly@example.com,,Customer Support,Jannie Bowditch,"Paradise Road, Richmond, London",naomi.greenly,,0382abf03710200044e0bfc8bcbe5d42,
Jess Assad,jess.assad@example.com,,Sales,Owen Sparacino,"2-10-1 Yurakucho, Chiyoda-ku, Tokyo",jess.assad,,06826bf03710200044e0bfc8bcbe5d41,
Cherie Fuhri,cherie.fuhri@example.com,,IT,Ed Gompf,"Carrera 54 No. 49 - 31, Medellin",cherie.fuhri,,06826bf03710200044e0bfc8bcbe5d57,
Geri Forness,geri.forness@example.com,,IT,Ed Gompf,"3 Whitehall Court, London",geri.forness,,06826bf03710200044e0bfc8bcbe5d66,
Nelly Jakuboski,nelly.jakuboski@example.com,,Finance,Mayme Staub,"8306 Mills Drive, Miami,FL",nelly.jakuboski,,06826bf03710200044e0bfc8bcbe5d6f,
Dwain Cuttitta,dwain.cuttitta@example.com,,Sales,Software Manager,"815 E Street, San Diego,CA",dwain.cuttitta,,06826bf03710200044e0bfc8bcbe5d78,
Justina Dragaj,justina.dragaj@example.com,,HR,Bart Hachey,"13308 Midland Road, Poway,CA",justina.dragaj,,06826bf03710200044e0bfc8bcbe5d81,
Allyson Gillispie,allyson.gillispie@example.com,,HR,Benjamin Schkade,"946 Donax Avenue, Imperial Beach,CA",allyson.gillispie,,06826bf03710200044e0bfc8bcbe5d8a,
Bridget Knightly,bridget.knightly@example.com,,Sales,Owen Sparacino,"27, Boulevard Vitton, Paris",bridget.knightly,,06826bf03710200044e0bfc8bcbe5d93,
Certification User,certification@example.com,,Finance,Devon Samrah,,certification_user,,06f97342c37030009b5efcfc5bba8fc3,
Dollie Pillitteri,dollie.pillitteri@example.com,,Finance,Robin Grotz,"30 Katharinenstr, Hamburg",dollie.pillitteri,,0782abf03710200044e0bfc8bcbe5d3b,
Elmo Gabouer,elmo.gabouer@example.com,,Sales,Luella Pliner,"Paradise Road, Richmond, London",elmo.gabouer,,0782abf03710200044e0bfc8bcbe5d44,
Suresh Yekollu,suresh.yekollu@example.com,,Finance,Devon Samrah,"SHS quadra 5, Bloco E., Brasilia",suresh.yekollu,,0802b90dc3313000bac1addbdfba8fdb,
User 1,help.desk@example.com,,HR,Kennith Kirklin,,Help Desk,,08e4bcf053231300e321ddeeff7b12f8,
Derek Kreutzbender,derek.kreutzbender@example.com,,Finance,Reginald Lunan,"2-10-1 Yurakucho, Chiyoda-ku, Tokyo",derek.kreutzbender,,0a826bf03710200044e0bfc8bcbe5d43,
Vanessa Lewallen,vanessa.lewallen@example.com,,HR,Garfield Lijewski,"3 Whitehall Court, London",vanessa.lewallen,,0a826bf03710200044e0bfc8bcbe5d59,
Carmel Overfelt,carmel.overfelt@example.com,,Customer Support,Nickolas Khosravi,"3 Whitehall Court, London",carmel.overfelt,,0a826bf03710200044e0bfc8bcbe5d68,
Mabel Weeden,mabel.weeden@example.com,,HR,Kris Persson,"815 E Street, San Diego,CA",mabel.weeden,,0a826bf03710200044e0bfc8bcbe5d71,
Adela Cervantsz,adela.cervantsz@example.com,,HR,Kasey Nguyen,"8306 Mills Drive, Miami,FL",adela.cervantsz,,0a826bf03710200044e0bfc8bcbe5d7a,
Eva Seahorn,eva.seahorn@example.com,,Sales,Pilar Suddeth,"946 Donax Avenue, Imperial Beach,CA",eva.seahorn,,0a826bf03710200044e0bfc8bcbe5d83,
Christa Bodenschatz,christa.bodenschatz@example.com,,Customer Support,Lizzie Torregrossa,"75-85 York Street, Melbourne",christa.bodenschatz,,0a826bf03710200044e0bfc8bcbe5d8c,
Devon Teston,devon.teston@example.com,,HR,Kennith Kirklin,"Bockenheimer Landstraße 123, Frankfurt",devon.teston,,0a826bf03710200044e0bfc8bcbe5d95,
Security Center Data Collection User,,,HR,Kennith Kirklin,,securitycenter.user,,0ac679d68d74021087de63ac7f1f00cb,
Miquel Demicco,miquel.demicco@example.com,,Sales,Damion Matkin,"2-12-1 Ookayama, Meguro-ku, Tokyo",miquel.demicco,,0b82abf03710200044e0bfc8bcbe5d3d,
Rob Phillips,rob.phillips@example.com,,HR,Kasey Nguyen,"4492 Camino De La Plaza, San Ysidro,CA",rob.phillips,,0d5b61dfc0a8026601c8e80d8bb57f6e,
Ross Spurger,ross.spurger@example.com,,Finance,Arya Hajarha,"Carrera 54 No. 49 - 31, Medellin",ross.spurger,,0e826bf03710200044e0bfc8bcbe5d45,
Rachel Larrison,rachel.larrison@example.com,,IT,Mariano Maury,"3 Whitehall Court, London",rachel.larrison,,0e826bf03710200044e0bfc8bcbe5d5b,
Logan Muhl,logan.muhl@example.com,,Finance,Certification Admin,"3 Whitehall Court, London",logan.muhl,,0e826bf03710200044e0bfc8bcbe5d61,
Valerie Pou,valerie.pou@example.com,,Sales,Caitlin Reiniger,"8306 Mills Drive, Miami,FL",valerie.pou,,0e826bf03710200044e0bfc8bcbe5d6a,
Kathleen Beresnyak,kathleen.beresnyak@example.com,,Sales,Damion Matkin,"815 E Street, San Diego,CA",kathleen.beresnyak,,0e826bf03710200044e0bfc8bcbe5d73,
Ramon Amaral,ramon.amaral@example.com,,Finance,Arya Hajarha,"946 Donax Avenue, Imperial Beach,CA",ramon.amaral,,0e826bf03710200044e0bfc8bcbe5d7c,
Cyril Behen,cyril.behen@example.com,,Sales,Caitlin Reiniger,"13308 Midland Road, Poway,CA",cyril.behen,,0e826bf03710200044e0bfc8bcbe5d85,
Karen Flierl,karen.flierl@example.com,,HR,Garfield Lijewski,"150 Kennedy Road, Hong Kong",karen.flierl,,0e826bf03710200044e0bfc8bcbe5d8e,
Lucas Santellana,lucas.santellana@example.com,,HR,Rita Center,"2-12-1 Ookayama, Meguro-ku, Tokyo",lucas.santellana,,0e826bf03710200044e0bfc8bcbe5d97,
Renae Eldrige,renae.eldrige@example.com,,IT,Ed Gompf,"Carretera Cancun-Chetumal KM 22, Cancun",renae.eldrige,,0f82abf03710200044e0bfc8bcbe5d3f,
Timothy Janski,timothy.janski@example.com,,Customer Support,Bette Barcelona,"2500 West Daming Road, Shanghai",timothy.janski,,12826bf03710200044e0bfc8bcbe5d9f,
Savannah Kesich,savannah.kesich@example.com,,Sales,Pilar Suddeth,"302 Washington Street, San Diego,CA",savannah.kesich,,12826bf03710200044e0bfc8bcbe5da8,
Alfonso Griglen,alfonso.griglen@example.com,,Finance,Reginald Lunan,"2500 West Daming Road, Shanghai",alfonso.griglen,,12826bf03710200044e0bfc8bcbe5db1,
Gisela Kosicki,gisela.kosicki@example.com,,Sales,Software Manager,"27, Boulevard Vitton, Paris",gisela.kosicki,,12826bf03710200044e0bfc8bcbe5dba,
Kyle Lindauer,kyle.lindauer@example.com,,IT,Ed Gompf,"Bockenheimer Landstraße 223, Frankfurt",kyle.lindauer,,12826bf03710200044e0bfc8bcbe5dc3,
Mildred Gallegas,mildred.gallegas@example.com,,HR,Maryjane Arata,"Via Nomentana 56, Rome",mildred.gallegas,,12826bf03710200044e0bfc8bcbe5dcc,
SOAP Guest,,,Sales,Owen Sparacino,,soap.guest,,155699460a0a0b2b009e27c10b7f68f6,
Veronica Radman,veronica.radman@example.com,,HR,Kris Persson,"Bockenheimer Landstraße 123, Frankfurt",veronica.radman,,16826bf03710200044e0bfc8bcbe5da1,
Kennith Peto,kennith.peto@example.com,,Finance,Robin Grotz,"248 Abbotsford Road, Brisbane",kennith.peto,,16826bf03710200044e0bfc8bcbe5daa,
Terrell Rodda,terrell.rodda@example.com,,Sales,Bow Ruggeri,"27, Boulevard Vitton, Paris",terrell.rodda,,16826bf03710200044e0bfc8bcbe5db3,
Zane Sulikowski,zane.sulikowski@example.com,,Finance,Certification Admin,"Bockenheimer Landstraße 223, Frankfurt",zane.sulikowski,,16826bf03710200044e0bfc8bcbe5dbc,
Hilario Cassa,hilario.cassa@example.com,,Finance,Sherwood Detillier,"Bockenheimer Landstraße 223, Frankfurt",hilario.cassa,,16826bf03710200044e0bfc8bcbe5dc5,
Van Leanen,van.leanen@example.com,,Sales,Tia Neumaier,"2-12-1 Ookayama, Meguro-ku, Tokyo",van.leanen,,16826bf03710200044e0bfc8bcbe5dce,
Manifah Masood,manifah.masood@example.com,,HR,Garfield Lijewski,,manifah.masood,Vice President,1832fbe1d701120035ae23c7ce610369,
Stephen Seiters,stephen.seiters@example.com,,IT,Ed Gompf,"2-12-1 Ookayama, Meguro-ku, Tokyo",stephen.seiters,,1a826bf03710200044e0bfc8bcbe5da3,
Vernon Engelman,vernon.engelman@example.com,,IT,Ed Gompf,"2500 West Daming Road, Shanghai",vernon.engelman,,1a826bf03710200044e0bfc8bcbe5dac,
Pierre Salera,pierre.salera@example.com,,Customer Support,Margot Arenburg,"27, Boulevard Vitton, Paris",pierre.salera,,1a826bf03710200044e0bfc8bcbe5db5,
Sandra Graen,sandra.graen@example.com,,Finance,Virgil Chinni,"Bockenheimer Landstraße 223, Frankfurt",sandra.graen,,1a826bf03710200044e0bfc8bcbe5dbe,
Concetta Sarchett,concetta.sarchett@example.com,,Finance,Wes Fontanella,"Bockenheimer Landstraße 223, Frankfurt",concetta.sarchett,,1a826bf03710200044e0bfc8bcbe5dc7,
Joey Sedore,joey.sedore@example.com,,HR,Rita Center,"2-12-1 Ookayama, Meguro-ku, Tokyo",joey.sedore,,1a826bf03710200044e0bfc8bcbe5dd0,
Corinne Cowan,corinne.cowan@example.com,,IT,Ed Gompf,"Paradise Road, Richmond, London",corinne.cowan,,1e826bf03710200044e0bfc8bcbe5d9c,
Tammie Schwartzwalde,tammie.schwartzwalde@example.com,,Finance,Wes Fontanella,"Paradise Road, Richmond, London",tammie.schwartzwalde,,1e826bf03710200044e0bfc8bcbe5da5,
Frankie Morein,frankie.morein@example.com,,HR,Rita Center,"2500 West Daming Road, Shanghai",frankie.morein,,1e826bf03710200044e0bfc8bcbe5dae,
Mara Vanderzwaag,mara.vanderzwaag@example.com,,Customer Support,Deshawn Inafuku,"27, Boulevard Vitton, Paris",mara.vanderzwaag,,1e826bf03710200044e0bfc8bcbe5db7,
Maurine Monroy,maurine.monroy@example.com,,Sales,Software Manager,"Bockenheimer Landstraße 223, Frankfurt",maurine.monroy,,1e826bf03710200044e0bfc8bcbe5dc0,
Antony Thierauf,antony.thierauf@example.com,,HR,Kris Persson,"Bockenheimer Landstraße 223, Frankfurt",antony.thierauf,,1e826bf03710200044e0bfc8bcbe5dc9,
Denice Nordlinger,denice.nordlinger@example.com,,HR,Rita Center,"2-12-1 Ookayama, Meguro-ku, Tokyo",denice.nordlinger,,1e826bf03710200044e0bfc8bcbe5dd2,
SLA Admin,sla.admin@example.com,,Customer Support,Hanna Cinkan,,SLA.Admin,,2256f8059336220050bef157b67ffb9e,
Lora Lendor,lora.lendor@example.com,,Finance,Certification Admin,"3 Whitehall Court, London",lora.lendor,,22826bf03710200044e0bfc8bcbe5dda,
Henrietta Cintora,henrietta.cintora@example.com,,IT,Ed Gompf,"4492 Camino De La Plaza, San Ysidro,CA",henrietta.cintora,,22826bf03710200044e0bfc8bcbe5de3,
Alejandra Prenatt,alejandra.prenatt@example.com,,HR,Rita Center,"27, Boulevard Vitton, Paris",alejandra.prenatt,,22826bf03710200044e0bfc8bcbe5dec,
Thomas Jefferson,thomas.jefferson@example.com,,Finance,Sherwood Detillier,,thomas.jefferson,,2428c7f0eb32010045e1a5115206feb8,
Janet Schaffter,janet.schaffter@example.com,,Customer Support,Hanna Cinkan,"3 Whitehall Court, London",janet.schaffter,,26826bf03710200044e0bfc8bcbe5ddc,
Darren Merlin,darren.merlin@example.com,,HR,Bernard Laboy,"540 North Dearborn Street, Chicago,IL",darren.merlin,,26826bf03710200044e0bfc8bcbe5de5,
Elisa Gracely,elisa.gracely@example.com,,HR,Kasey Nguyen,"Via Nomentana 56, Rome",elisa.gracely,,26826bf03710200044e0bfc8bcbe5dee,
Problem Administrator,problem.admin@example.com,,HR,Bernard Laboy,,problem.admin,,26fbff173b331300ad3cc9bb34efc4bd,
Karyn Jinks,karyn.jinks@example.com,,IT,Ed Gompf,"SHS quadra 5, Bloco E., Brasilia",karyn.jinks,,2a826bf03710200044e0bfc8bcbe5dd5,
Dwayne Maddalena,dwayne.maddalena@example.com,,IT,Ed Gompf,"3 Whitehall Court, London",dwayne.maddalena,,2a826bf03710200044e0bfc8bcbe5dde,
Bryant Bouliouris,bryant.bouliouris@example.com,,Finance,Robin Grotz,"75-85 York Street, Melbourne",bryant.bouliouris,,2a826bf03710200044e0bfc8bcbe5de7,
Beverley Bunche,beverley.bunche@example.com,,Sales,Software Manager,"SHS quadra 5, Bloco E., Brasilia",beverley.bunche,,2a826bf03710200044e0bfc8bcbe5df0,
Sophie Langner,sophie.langner@example.com,,HR,Kris Persson,"3 Whitehall Court, London",sophie.langner,,2e826bf03710200044e0bfc8bcbe5dd7,
Alyssa Biasotti,alyssa.biasotti@example.com,,HR,Bernard Laboy,"3 Whitehall Court, London",alyssa.biasotti,,2e826bf03710200044e0bfc8bcbe5de0,
Elaine Renzi,elaine.renzi@example.com,,Sales,Leif Arguin,"150 Kennedy Road, Hong Kong",elaine.renzi,,2e826bf03710200044e0bfc8bcbe5de9,
Password Admin,pwd.admin@example.com,,Customer Support,Margot Arenburg,,pwd.admin,,2fc94d35eb32010045e1a5115206fe22,
Nirali Patel,,,Sales,Tia Neumaier,,homepage.alp,Vice President,30ad318577ab2300454792718a10619e,
Peggy Hohlstein,peggy.hohlstein@example.com,,Sales,Pilar Suddeth,"248 Abbotsford Road, Brisbane",peggy.hohlstein,,31826bf03710200044e0bfc8bcbe5d1a,
Misty Ericksen,misty.ericksen@example.com,,HR,Bernard Laboy,"Karmelitska 2, Lesser Town, Prague",misty.ericksen,,31826bf03710200044e0bfc8bcbe5d24,
Cristopher Wiget,cristopher.wiget@example.com,,Sales,Owen Sparacino,"27, Boulevard Vitton, Paris",cristopher.wiget,,31826bf03710200044e0bfc8bcbe5d2d,
Doug Matrisciano,doug.matrisciano@example.com,,Customer Support,Deshawn Inafuku,"Bockenheimer Landstraße 123, Frankfurt",doug.matrisciano,,31826bf03710200044e0bfc8bcbe5d36,
Mamie Mcintee,mamie.mcintee@example.com,,Customer Support,Barton Friesner,"13770 Noel Road, Dallas,TX",mamie.mcintee,,32826bf03710200044e0bfc8bcbe5df5,
Rich Gleave,rich.gleave@example.com,,HR,Rita Center,"27, Boulevard Vitton, Paris",rich.gleave,,32826bf03710200044e0bfc8bcbe5dfe,
Marcelino Maggs,marcelino.maggs@example.com,,HR,Garfield Lijewski,"30 Katharinenstr, Hamburg",marcelino.maggs,,3282abf03710200044e0bfc8bcbe5d07,
Rosalia Kennemur,rosalia.kennemur@example.com,,HR,Garfield Lijewski,"Paradise Road, Richmond, London",rosalia.kennemur,,3282abf03710200044e0bfc8bcbe5d15,
Travis Brockert,travis.brockert@example.com,,IT,Ed Gompf,"3740 Greenbriar Street, Houston,TX",travis.brockert,,3282abf03710200044e0bfc8bcbe5d1e,
Cary Mccamey,cary.mccamey@example.com,,IT,Mariano Maury,"945 South Birch Street, Glendale,CO",cary.mccamey,,3282abf03710200044e0bfc8bcbe5d27,
Lana Keels,lana.keels@example.com,,Finance,Robin Grotz,"27, Boulevard Vitton, Paris",lana.keels,,3282abf03710200044e0bfc8bcbe5d30,
Ike Benthin,ike.benthin@example.com,,IT,Mariano Maury,"30 Katharinenstr, Hamburg",ike.benthin,,3282abf03710200044e0bfc8bcbe5d39,
Genevieve Kekiwi,genevieve.kekiwi@example.com,,HR,Garfield Lijewski,"248 Abbotsford Road, Brisbane",genevieve.kekiwi,,35826bf03710200044e0bfc8bcbe5d1d,
Viola Mcsorley,viola.mcsorley@example.com,,IT,Ed Gompf,"27, Boulevard Vitton, Paris",viola.mcsorley,,35826bf03710200044e0bfc8bcbe5d26,
Mitch Schattner,mitch.schattner@example.com,,Sales,Damion Matkin,"Bockenheimer Landstraße 123, Frankfurt",mitch.schattner,,35826bf03710200044e0bfc8bcbe5d2f,
Marshall Hutch,marshall.hutch@example.com,,Sales,Pilar Suddeth,"Via Nomentana 56, Rome",marshall.hutch,,35826bf03710200044e0bfc8bcbe5d38,
Joel Nardo,joel.nardo@example.com,,IT,Mariano Maury,"140 George Street, Sydney",joel.nardo,,36826bf03710200044e0bfc8bcbe5df7,
Jimmie Zarzycki,jimmie.zarzycki@example.com,,Finance,Wes Fontanella,"27, Boulevard Vitton, Paris",jimmie.zarzycki,,3682abf03710200044e0bfc8bcbe5d00,
Florine Willardson,florine.willardson@example.com,,HR,Kennith Kirklin,"30 Katharinenstr, Hamburg",florine.willardson,,3682abf03710200044e0bfc8bcbe5d09,
Don Mestler,don.mestler@example.com,,IT,Ed Gompf,"Via Nomentana 56, Rome",don.mestler,,3682abf03710200044e0bfc8bcbe5d0e,
Patty Bernasconi,patty.bernasconi@example.com,,Finance,Certification Admin,"Paradise Road, Richmond, London",patty.bernasconi,,3682abf03710200044e0bfc8bcbe5d17,
Reginald Humes,reginald.humes@example.com,,HR,Maryjane Arata,"25 New Chardon Street, Boston,MA",reginald.humes,,3682abf03710200044e0bfc8bcbe5d20,
Martin Carley,martin.carley@example.com,,HR,Bart Hachey,"140 George Street, Sydney",martin.carley,,3682abf03710200044e0bfc8bcbe5d29,
Eliseo Wice,eliseo.wice@example.com,,Sales,Caitlin Reiniger,"27, Boulevard Vitton, Paris",eliseo.wice,,3682abf03710200044e0bfc8bcbe5d32,
Problem CoordinatorATF,Problem.CoordinatorATF@example.com,,HR,Roseann Jerko,,Problem.CoordinatorATF,,3883f4c0730123002728660c4cf6a754,
Problem Coordinator B,problem.coordinator_b@example.com,,Sales,Leif Arguin,,problem.coordinator_b,,38cb3f173b331300ad3cc9bb34efc4d6,
Veronica Achorn,veronica.achorn@example.com,,Customer Support,ATF_TestItilUser2 ATF_TestItilUser2,"2500 West Daming Road, Shanghai",veronica.achorn,,39826bf03710200044e0bfc8bcbe5d1f,
Petra Mcnichol,petra.mcnichol@example.com,,HR,Bernard Laboy,"27, Boulevard Vitton, Paris",petra.mcnichol,,39826bf03710200044e0bfc8bcbe5d28,
Lynda Youtsey,lynda.youtsey@example.com,,HR,Garfield Lijewski,"Bockenheimer Landstraße 123, Frankfurt",lynda.youtsey,,39826bf03710200044e0bfc8bcbe5d31,
Emery Reek,emery.reek@example.com,,Finance,Certification Admin,"Via Nomentana 56, Rome",emery.reek,,39826bf03710200044e0bfc8bcbe5d3a,
User ITIL,User_ITIL@example.com,,IT,Ed Gompf,,User_ITIL,,3988a3ca732023002728660c4cf6a757,
Brant Darnel,brant.darnel@example.com,,Customer Support,Jannie Bowditch,"150 Kennedy Road, Hong Kong",brant.darnel,,3a826bf03710200044e0bfc8bcbe5df9,
Carolina Kinlaw,carolina.kinlaw@example.com,,Sales,Caitlin Reiniger,"27, Boulevard Vitton, Paris",carolina.kinlaw,,3a82abf03710200044e0bfc8bcbe5d02,
Berta Karczewski,berta.karczewski@example.com,,Sales,Software Manager,"30 Katharinenstr, Hamburg",berta.karczewski,,3a82abf03710200044e0bfc8bcbe5d0b,
Jessie Barkle,jessie.barkle@example.com,,Customer Support,Jonathon Waldall,"2-12-1 Ookayama, Meguro-ku, Tokyo",jessie.barkle,,3a82abf03710200044e0bfc8bcbe5d10,
Hannah Facio,hannah.facio@example.com,,Finance,Sherwood Detillier,"Paradise Road, Richmond, London",hannah.facio,,3a82abf03710200044e0bfc8bcbe5d19,
Mitchel Harnar,mitchel.harnar@example.com,,IT,Mariano Maury,"1635 Old 41 Highway Northwest #112, Kennesaw,GA",mitchel.harnar,,3a82abf03710200044e0bfc8bcbe5d22,
Kyle Ferri,kyle.ferri@example.com,,HR,Roseann Jerko,"140 George Street, Sydney",kyle.ferri,,3a82abf03710200044e0bfc8bcbe5d2b,
Ruthie Zortman,ruthie.zortman@example.com,,Finance,Robin Grotz,"30 Katharinenstr, Hamburg",ruthie.zortman,,3a82abf03710200044e0bfc8bcbe5d34,
Johnnie Rheaves,johnnie.rheaves@example.com,,Customer Support,Barton Friesner,"2500 West Daming Road, Shanghai",johnnie.rheaves,,3d826bf03710200044e0bfc8bcbe5d21,
Jarrett Kenzie,jarrett.kenzie@example.com,,Finance,Reginald Lunan,"27, Boulevard Vitton, Paris",jarrett.kenzie,,3d826bf03710200044e0bfc8bcbe5d2a,
Keisha Ransonet,keisha.ransonet@example.com,,Sales,Luella Pliner,"Bockenheimer Landstraße 123, Frankfurt",keisha.ransonet,,3d826bf03710200044e0bfc8bcbe5d33,
Prince Kauk,prince.kauk@example.com,,Finance,Certification Admin,"2-10-1 Yurakucho, Chiyoda-ku, Tokyo",prince.kauk,,3d826bf03710200044e0bfc8bcbe5d3c,
Athena Fontanilla,athena.fontanilla@example.com,,Sales,Pilar Suddeth,"Paradise Road, Richmond, London",athena.fontanilla,,3e826bf03710200044e0bfc8bcbe5df2,
Floyd Veazey,floyd.veazey@example.com,,Finance,Wes Fontanella,"Karmelitska 2, Lesser Town, Prague",floyd.veazey,,3e826bf03710200044e0bfc8bcbe5dfb,
Rebekah Padley,rebekah.padley@example.com,,IT,Ed Gompf,"30 Katharinenstr, Hamburg",rebekah.padley,,3e82abf03710200044e0bfc8bcbe5d04,
Lesa Chantry,lesa.chantry@example.com,,IT,Ed Gompf,"Carretera Cancun-Chetumal KM 22, Cancun",lesa.chantry,,3e82abf03710200044e0bfc8bcbe5d12,
Bradly Hasselvander,bradly.hasselvander@example.com,,IT,Ed Gompf,"Paradise Road, Richmond, London",bradly.hasselvander,,3e82abf03710200044e0bfc8bcbe5d1b,
Haley Rocheford,haley.rocheford@example.com,,Finance,Arya Hajarha,"945 South Birch Street, Glendale,CO",haley.rocheford,,3e82abf03710200044e0bfc8bcbe5d24,
Marisa Smiler,marisa.smiler@example.com,,HR,Maryjane Arata,"27, Boulevard Vitton, Paris",marisa.smiler,,3e82abf03710200044e0bfc8bcbe5d2d,
Lee Javens,lee.javens@example.com,,IT,Ed Gompf,"30 Katharinenstr, Hamburg",lee.javens,,3e82abf03710200044e0bfc8bcbe5d36,
Service Desk,svc.desk@example.com,,HR,Kennith Kirklin,,svc.desk,,413a4d35eb32010045e1a5115206fe6b,
Deandre Resendiz,deandre.resendiz@example.com,,Finance,Certification Admin,"2-10-1 Yurakucho, Chiyoda-ku, Tokyo",deandre.resendiz,,42826bf03710200044e0bfc8bcbe5d44,
Valentine Granberry,valentine.granberry@example.com,,Sales,Tia Neumaier,"3 Whitehall Court, London",valentine.granberry,,42826bf03710200044e0bfc8bcbe5d5a,
Burton Brining,burton.brining@example.com,,IT,Ed Gompf,"3 Whitehall Court, London",burton.brining,,42826bf03710200044e0bfc8bcbe5d69,
Lyndon Bellerdine,lyndon.bellerdine@example.com,,HR,Kennith Kirklin,"815 E Street, San Diego,CA",lyndon.bellerdine,,42826bf03710200044e0bfc8bcbe5d72,
Wilmer Constantineau,wilmer.constantineau@example.com,,IT,Ed Gompf,"153 South Sierra Avenue, Solana Beach,CA",wilmer.constantineau,,42826bf03710200044e0bfc8bcbe5d7b,
Enrique Oroark,enrique.oroark@example.com,,Finance,Mayme Staub,"650 Dennery Road #102, San Diego,CA",enrique.oroark,,42826bf03710200044e0bfc8bcbe5d84,
Chi Greenlaw,chi.greenlaw@example.com,,Finance,Virgil Chinni,"75-85 York Street, Melbourne",chi.greenlaw,,42826bf03710200044e0bfc8bcbe5d8d,
Denise Speegle,denise.speegle@example.com,,IT,Ed Gompf,"Bockenheimer Landstraße 123, Frankfurt",denise.speegle,,42826bf03710200044e0bfc8bcbe5d96,
Tyron Quillman,tyron.quillman@example.com,,Finance,Sherwood Detillier,"Carretera Cancun-Chetumal KM 22, Cancun",tyron.quillman,,4382abf03710200044e0bfc8bcbe5d3e,
Aqib Mushtaq,aqib.mushtaq@example.com,,Finance,Virgil Chinni,,aqib.mushtaq,Senior Developer,443193dcd7011200f2d224837e61037d,
Scott Seixas,scott.seixas@example.com,,HR,Bernard Laboy,"SHS quadra 5, Bloco E., Brasilia",scott.seixas,,45a1b90dc3313000bac1addbdfba8fe8,
Nanette Turansky,nanette.turansky@example.com,,Finance,Virgil Chinni,"Carrera 54 No. 49 - 31, Medellin",nanette.turansky,,46826bf03710200044e0bfc8bcbe5d46,
Nathanial Phoenix,nathanial.phoenix@example.com,,HR,Kennith Kirklin,"3 Whitehall Court, London",nathanial.phoenix,,46826bf03710200044e0bfc8bcbe5d5c,
Laurie Bigg,laurie.bigg@example.com,,IT,Mariano Maury,"3 Whitehall Court, London",laurie.bigg,,46826bf03710200044e0bfc8bcbe5d62,
Tricia Kruss,tricia.kruss@example.com,,Finance,Mayme Staub,"815 E Street, San Diego,CA",tricia.kruss,,46826bf03710200044e0bfc8bcbe5d6b,
Kathie Argenti,kathie.argenti@example.com,,HR,Garfield Lijewski,"8306 Mills Drive, Miami,FL",kathie.argenti,,46826bf03710200044e0bfc8bcbe5d74,
Mandy Mcdonnell,mandy.mcdonnell@example.com,,HR,Rita Center,"650 Dennery Road #102, San Diego,CA",mandy.mcdonnell,,46826bf03710200044e0bfc8bcbe5d7d,
Conrad Lanfear,conrad.lanfear@example.com,,HR,Bernard Laboy,"946 Donax Avenue, Imperial Beach,CA",conrad.lanfear,,46826bf03710200044e0bfc8bcbe5d86,
Titus Rodreguez,titus.rodreguez@example.com,,IT,Ed Gompf,"Karmelitska 2, Lesser Town, Prague",titus.rodreguez,,46826bf03710200044e0bfc8bcbe5d8f,
Kira Staffon,kira.staffon@example.com,,Finance,Wes Fontanella,"2-12-1 Ookayama, Meguro-ku, Tokyo",kira.staffon,,46826bf03710200044e0bfc8bcbe5d98,
Phil Hendrie,phil.hendrie@example.com,,Sales,Pilar Suddeth,"322 West 52nd Street, New York,NY",phil.hendrie,Inside Sales,46b673a6a9fe19810007ab03cbd5849d,
Charlie Whitherspoon,charlie.whitherspoon@example.com,,Finance,Certification Admin,"945 South Birch Street, Glendale,CO",charlie.whitherspoon,,46b87022a9fe198101a78787e40d7547,
George Grey,george.grey@example.com,,HR,Bart Hachey,"1454 Northwest 78th Avenue, Doral,FL",george.grey,Account Exec SMB,46b9852ca9fe198101531c8c1e926c86,
Taylor Vreeland,taylor.vreeland@example.com,,Finance,Vernice Resendes,"4492 Camino De La Plaza, San Ysidro,CA",taylor.vreeland,,46bac3d6a9fe1981005f299d979b8869,
Ted Bozelle,ted.bozelle@example.com,,Finance,Vernice Resendes,"4492 Camino De La Plaza, San Ysidro,CA",ted.bozelle,,46bbf3daa9fe1981001fd0ccdd391f83,
Paul Shafer,paul.shafer@example.com,,Sales,Caitlin Reiniger,"1454 Northwest 78th Avenue, Doral,FL",paul.shafer,Inside Sales,46bd0579a9fe198101404e3929a841f5,
Carol Coughlin,carol.coughlin@example.com,,Sales,Luella Pliner,"322 West 52nd Street, New York,NY",carol.coughlin,,46c1293aa9fe1981000dc753e75ebeee,
Ted Keppel,ted.keppel@example.com,,Finance,Vernice Resendes,"946 Donax Avenue, Imperial Beach,CA",ted.keppel,,46c32549a9fe198101a84f3c2036e26b,
Dennis Millar,dennis.millar@example.com,,Sales,Pilar Suddeth,"650 Dennery Road #102, San Diego,CA",dennis.millar,Account Exec Northeast,46c410a3a9fe1981008bda0804ad3f85,
David Dan,david.dan@example.com,,Finance,Arya Hajarha,"621 6th Avenue South, North Myrtle Beach,SC",david.dan,,46c4aeb7a9fe1981002bbd372644a37b,
Natasha Ingram,natasha.ingram@example.com,,Finance,Sherwood Detillier,"945 South Birch Street, Glendale,CO",natasha.ingram,Chief Financial Officer,46c5bf6ca9fe1981010713e3ac7d3384,
Bud Richman,bud.richman@example.com,,Finance,Reginald Lunan,"4492 Camino De La Plaza, San Ysidro,CA",bud.richman,,46c6f9efa9fe198101ddf5eed9adf6e7,
Chuck Farley,chuck.farley@example.com,,IT,Ed Gompf,"9249 Cicero Avenue, Oak Lawn,IL",chuck.farley,Director Sales West,46c9e158a9fe198101d44d0d22cb640d,
Howard Johnson,howard.johnson@example.com,,HR,Kasey Nguyen,"601 College Street, Clarksville,TN",howard.johnson,,46ca0887a9fe19810191e08e51927ebf,
Megan Burke,megan.burke@example.com,,IT,Mariano Maury,"3121 High Point Road, Greensboro,NC",megan.burke,Inside Sales,46cd276ba9fe19810024aa59b51d6ef7,
Wayne Webb,wayne.webb@example.com,,Finance,Mayme Staub,"243 South Escondido Boulevard, Escondido,CA",wayne.webb,,46d14f04a9fe19810142e40c6b071512,
Olga Yarovenko,olga.yarovenko@example.com,,Sales,Bow Ruggeri,"808 N Route 59, Aurora,IL",olga.yarovenko,Inside Sales,46d1656aa9fe19810123a47c98f2d82f,
Diana Temple,diana.temple@example.com,,Sales,Leif Arguin,"Paradise Road, Richmond, London",diana.temple,Account Exec Fortune 500,46d413b2a9fe198101a7f9f0f493a9a7,
Beth Anglin,beth.anglin@example.com,,Finance,Robin Grotz,"6304 Northwest Barry Road, Kansas City,MO",beth.anglin,,46d44a23a9fe19810012d100cca80666,
Margaret Grey,margaret.gray@example.com,,HR,Kris Persson,"5505 Stevens Way, San Diego,CA",margaret.gray,Sales Assistant,46d4a69ba9fe1981001af9616bf01185,
John Bohnhamn,john.bohnhamn@example.com,,Finance,Arya Hajarha,"808 N Route 59, Aurora,IL",john.bohnhamn,Inside Sales,46d59205a9fe198101d603f5de37bfa3,
Dude Lewbowskie,dude.lewbowskie@example.com,,Finance,Vernice Resendes,"1635 Old 41 Highway Northwest #112, Kennesaw,GA",dude.lewbowskie,Inside Sales,46d6a72ea9fe1981019699dd1000f1fa,
Mary Cruse,mary.cruse@example.com,,Finance,Virgil Chinni,"Paradise Road, Richmond, London",mary.cruse,Inside Sales,46d77b47a9fe1981007c0b3faff3edf8,
Marscha Gilles-Piecukonis,marscha.gilles@example.com,,Customer Support,Jannie Bowditch,"945 South Birch Street, Glendale,CO",marscha.gilles,Account Exec Financial Services,46d80e5fa9fe198101490eab4fe5cbb0,
Sam Sorokin,sam.sorokin@example.com,,Finance,Mayme Staub,"243 South Escondido Boulevard, Escondido,CA",sam.sorokin,,46d85d4aa9fe198101e36eb956587fe7,
Luke Wilson,luke.wilson@example.com,,Sales,Luella Pliner,"322 West 52nd Street, New York,NY",luke.wilson,,46d96f57a9fe198101947a9620895886,
Marcelo Arostegui,marcelo.arostegui@example.com,,Customer Support,Jannie Bowditch,"Carretera Cancun-Chetumal KM 22, Cancun",marcelo.arostegui,,4782abf03710200044e0bfc8bcbe5d40,
Asset Manager,itam@example.com,,Customer Support,ATF_TestItilUser2 ATF_TestItilUser2,"3 Whitehall Court, London",itam,,47de9c73c61122930033f6521d1bb785,
Cameron Richard,cameron.richard@example.com,,HR,Kris Persson,,cameron.richard,Director,49339c38530360100999ddeeff7b1242,
Lacy Belmont,lacy.belmont@example.com,,Customer Support,Nickolas Khosravi,"2-10-1 Yurakucho, Chiyoda-ku, Tokyo",lacy.belmont,,4a826bf03710200044e0bfc8bcbe5d3f,
Denver Topete,denver.topete@example.com,,Finance,Wes Fontanella,"Carrera 54 No. 49 - 31, Medellin",denver.topete,,4a826bf03710200044e0bfc8bcbe5d55,
Mary Maurizio,mary.maurizio@example.com,,Customer Support,Margot Arenburg,"3 Whitehall Court, London",mary.maurizio,,4a826bf03710200044e0bfc8bcbe5d5e,
Helga Windle,helga.windle@example.com,,HR,Kris Persson,"3 Whitehall Court, London",helga.windle,,4a826bf03710200044e0bfc8bcbe5d64,
Saundra Mcaulay,saundra.mcaulay@example.com,,Finance,Certification Admin,"8306 Mills Drive, Miami,FL",saundra.mcaulay,,4a826bf03710200044e0bfc8bcbe5d6d,
Gracie Ehn,gracie.ehn@example.com,,Finance,Virgil Chinni,"815 E Street, San Diego,CA",gracie.ehn,,4a826bf03710200044e0bfc8bcbe5d76,
Kevin Edd,kevin.edd@example.com,,Sales,Luella Pliner,"153 South Sierra Avenue, Solana Beach,CA",kevin.edd,,4a826bf03710200044e0bfc8bcbe5d7f,
Billie Tinnes,billie.tinnes@example.com,,HR,Roseann Jerko,"650 Dennery Road #102, San Diego,CA",billie.tinnes,,4a826bf03710200044e0bfc8bcbe5d88,
Daniel Zill,daniel.zill@example.com,,Customer Support,Margot Arenburg,"27, Boulevard Vitton, Paris",daniel.zill,,4a826bf03710200044e0bfc8bcbe5d91,
problem manageratf,problem.manageratf@example.com,,IT,Ed Gompf,,problem.manageratf,,4ac73ecd738123002728660c4cf6a72c,
Kurtis Mcbay,kurtis.mcbay@example.com,,Sales,Damion Matkin,"Paradise Road, Richmond, London",kurtis.mcbay,,4b82abf03710200044e0bfc8bcbe5d42,
Jeanie Dalen,jeanie.dalen@example.com,,HR,Maryjane Arata,"2-10-1 Yurakucho, Chiyoda-ku, Tokyo",jeanie.dalen,,4e826bf03710200044e0bfc8bcbe5d41,
Yvette Kokoska,yvette.kokoska@example.com,,IT,Mariano Maury,"3 Whitehall Court, London",yvette.kokoska,,4e826bf03710200044e0bfc8bcbe5d57,
Georgette Bandyk,georgette.bandyk@example.com,,IT,Ed Gompf,"3 Whitehall Court, London",georgette.bandyk,,4e826bf03710200044e0bfc8bcbe5d66,
Naomi Caetano,naomi.caetano@example.com,,HR,Kasey Nguyen,"815 E Street, San Diego,CA",naomi.caetano,,4e826bf03710200044e0bfc8bcbe5d6f,
Dollie Daquino,dollie.daquino@example.com,,IT,Ed Gompf,"8306 Mills Drive, Miami,FL",dollie.daquino,,4e826bf03710200044e0bfc8bcbe5d78,
John Chipley,john.chipley@example.com,,Sales,Damion Matkin,"650 Dennery Road #102, San Diego,CA",john.chipley,,4e826bf03710200044e0bfc8bcbe5d81,
Jimmy Hrobsky,jimmy.hrobsky@example.com,,Finance,Reginald Lunan,"75-85 York Street, Melbourne",jimmy.hrobsky,,4e826bf03710200044e0bfc8bcbe5d8a,
Brent Vaidya,brent.vaidya@example.com,,Sales,Bow Ruggeri,"27, Boulevard Vitton, Paris",brent.vaidya,,4e826bf03710200044e0bfc8bcbe5d93,
William Mahmud,william.mahmud@example.com,,Customer Support,Lizzie Torregrossa,"2-12-1 Ookayama, Meguro-ku, Tokyo",william.mahmud,,4f82abf03710200044e0bfc8bcbe5d3b,
Efren Baucher,efren.baucher@example.com,,HR,Kasey Nguyen,"Paradise Road, Richmond, London",efren.baucher,,4f82abf03710200044e0bfc8bcbe5d44,
Bushra Akhtar,bushra.akhtar@example.com,,IT,Mariano Maury,,bushra.akhtar,Vice President,506c0f9cd7011200f2d224837e61030f,
Guest,guest@example.com,,IT,Mariano Maury,,guest,,5136503cc611227c0183e96598c4f706,
Fred Luddy,fred.luddy@example.com,,Finance,Devon Samrah,"650 Dennery Road #102, San Diego,CA",fred.luddy,Programmer,5137153cc611227c000bbd1bd8cd2005,
Rick Berzle,rick.berzle@example.com,,Sales,Bow Ruggeri,"945 South Birch Street, Glendale,CO",rick.berzle,,5137153cc611227c000bbd1bd8cd2006,
David Loo,david.loo@example.com,,HR,Bernard Laboy,"153 South Sierra Avenue, Solana Beach,CA",david.loo,,5137153cc611227c000bbd1bd8cd2007,
Edwin Lavelli,edwin.lavelli@example.com,,Finance,Mayme Staub,"SHS quadra 5, Bloco E., Brasilia",edwin.lavelli,,52826bf03710200044e0bfc8bcbe5d9b,
Theron Hambright,theron.hambright@example.com,,Sales,Bow Ruggeri,"SHS quadra 5, Bloco E., Brasilia",theron.hambright,,52826bf03710200044e0bfc8bcbe5da4,
Sadie Rowlett,sadie.rowlett@example.com,,HR,Kasey Nguyen,"2500 West Daming Road, Shanghai",sadie.rowlett,,52826bf03710200044e0bfc8bcbe5dad,
Pamala Brodtmann,pamala.brodtmann@example.com,,IT,Mariano Maury,"27, Boulevard Vitton, Paris",pamala.brodtmann,,52826bf03710200044e0bfc8bcbe5db6,
Robyn Christophel,robyn.christophel@example.com,,IT,Ed Gompf,"Bockenheimer Landstraße 223, Frankfurt",robyn.christophel,,52826bf03710200044e0bfc8bcbe5dbf,
Brice Hedglin,brice.hedglin@example.com,,IT,Ed Gompf,"Bockenheimer Landstraße 223, Frankfurt",brice.hedglin,,52826bf03710200044e0bfc8bcbe5dc8,
Isiah Phernetton,isiah.phernetton@example.com,,Customer Support,Barton Friesner,"2-12-1 Ookayama, Meguro-ku, Tokyo",isiah.phernetton,,52826bf03710200044e0bfc8bcbe5dd1,
Ashley Parker,ashley.parker@example.com,,Sales,Leif Arguin,,ashley.parker,Director,5408091a3b100300e81d47b334efc452,
Coleman Cuneo,coleman.cuneo@example.com,,IT,Ed Gompf,"Paradise Road, Richmond, London",coleman.cuneo,,56826bf03710200044e0bfc8bcbe5d9d,
Rosalie Krigger,rosalie.krigger@example.com,,Customer Support,Jonathon Waldall,"Paradise Road, Richmond, London",rosalie.krigger,,56826bf03710200044e0bfc8bcbe5da6,
Ezekiel Mildon,ezekiel.mildon@example.com,,HR,Kris Persson,"2500 West Daming Road, Shanghai",ezekiel.mildon,,56826bf03710200044e0bfc8bcbe5daf,
Lacy Woodfin,lacy.woodfin@example.com,,Finance,Certification Admin,"27, Boulevard Vitton, Paris",lacy.woodfin,,56826bf03710200044e0bfc8bcbe5db8,
Maryanne Whyman,maryanne.whyman@example.com,,Sales,Owen Sparacino,"Bockenheimer Landstraße 223, Frankfurt",maryanne.whyman,,56826bf03710200044e0bfc8bcbe5dc1,
Amos Linnan,amos.linnan@example.com,,Sales,Bow Ruggeri,"Bockenheimer Landstraße 223, Frankfurt",amos.linnan,,56826bf03710200044e0bfc8bcbe5dca,
Jason Roy,json.roy@example.com,,Customer Support,Jonathon Waldall,,jason.roy,,5695d69673500010c2e7660c4cf6a789,
Suzette Devaughan,suzette.devaughan@example.com,,Customer Support,Nickolas Khosravi,"Karmelitska 2, Lesser Town, Prague",suzette.devaughan,,5a826bf03710200044e0bfc8bcbe5d9f,
Rubin Crotts,rubin.crotts@example.com,,IT,Mariano Maury,"302 Washington Street, San Diego,CA",rubin.crotts,,5a826bf03710200044e0bfc8bcbe5da8,
Eli Bettner,eli.bettner@example.com,,HR,Kasey Nguyen,"Karmelitska 2, Lesser Town, Prague",eli.bettner,,5a826bf03710200044e0bfc8bcbe5db1,
Garth Skiffington,garth.skiffington@example.com,,IT,Mariano Maury,"27, Boulevard Vitton, Paris",garth.skiffington,,5a826bf03710200044e0bfc8bcbe5dba,
Judy Gartenmayer,judy.gartenmayer@example.com,,Customer Support,Deshawn Inafuku,"Bockenheimer Landstraße 223, Frankfurt",judy.gartenmayer,,5a826bf03710200044e0bfc8bcbe5dc3,
Byron Fortuna,byron.fortuna@example.com,,Sales,Luella Pliner,"Via Nomentana 56, Rome",byron.fortuna,,5a826bf03710200044e0bfc8bcbe5dcc,
Jerrod Bennett,jerrod.bennett@example.com,,HR,Garfield Lijewski,"650 Dennery Road #102, San Diego,CA",jerrod.bennett,Developer,5b7c200d0a640069006b3845b5d0fa7c,
Terrance Nimmer,terrance.nimmer@example.com,,HR,Kris Persson,"Bockenheimer Landstraße 123, Frankfurt",terrance.nimmer,,5e826bf03710200044e0bfc8bcbe5da1,
Forest Orea,forest.orea@example.com,,Sales,Software Manager,"248 Abbotsford Road, Brisbane",forest.orea,,5e826bf03710200044e0bfc8bcbe5daa,
Tami Trybus,tami.trybus@example.com,,Finance,Certification Admin,"27, Boulevard Vitton, Paris",tami.trybus,,5e826bf03710200044e0bfc8bcbe5db3,
Tamara Declue,tamara.declue@example.com,,HR,Kasey Nguyen,"Bockenheimer Landstraße 223, Frankfurt",tamara.declue,,5e826bf03710200044e0bfc8bcbe5dbc,
Helene Iberg,helene.iberg@example.com,,HR,Kasey Nguyen,"Bockenheimer Landstraße 223, Frankfurt",helene.iberg,,5e826bf03710200044e0bfc8bcbe5dc5,
Reva Bayer,reva.bayer@example.com,,Customer Support,Deshawn Inafuku,"2-12-1 Ookayama, Meguro-ku, Tokyo",reva.bayer,,5e826bf03710200044e0bfc8bcbe5dce,
Davin Czukowski,davin.czukowski@example.com,,IT,Ed Gompf,"Paradise Road, Richmond, London",davin.czukowski,Director Sales East,5f64f1dac0a8010e0020272962540240,
John Retak,john.retak@example.com,,Sales,Tia Neumaier,"650 Dennery Road #102, San Diego,CA",john.retak,"VP, Finance and securities",5f675796c0a8010e0132f67844388c58,
James Vittolo,jvittolo@example.com,,Sales,Damion Matkin,"322 West 52nd Street, New York,NY",jvittolo,"VP, Client Services",5f728212c0a8010e004a13c7588047dd,
Roger Rasmussen,roger.rasmussen@example.com,,Finance,Virgil Chinni,"650 Dennery Road #102, San Diego,CA",roger.rasmussen,,5f72e70ac0a8010e003e479c72d75d47,
Charles Beckley,charles.beckley@example.com,,Customer Support,Margot Arenburg,"650 Dennery Road #102, San Diego,CA",charles.beckley,,5f74e421c0a8010e01ec0d74a7ee2cc6,
Guillermo Frohlich,guillermo.frohlich@example.com,,IT,Ed Gompf,,guillermo.frohich,Chief Financial Officer,62526fa1d701120035ae23c7ce6103c6,
Cherie Schronce,cherie.schronce@example.com,,Finance,Wes Fontanella,"SHS quadra 5, Bloco E., Brasilia",cherie.schronce,,62826bf03710200044e0bfc8bcbe5dd6,
Davis Heideman,davis.heideman@example.com,,Sales,Software Manager,"3 Whitehall Court, London",davis.heideman,,62826bf03710200044e0bfc8bcbe5ddf,
Annette Frietas,annette.frietas@example.com,,HR,Rita Center,"75-85 York Street, Melbourne",annette.frietas,,62826bf03710200044e0bfc8bcbe5de8,
Abel Tuter,abel.tuter@example.com,,Finance,Vernice Resendes,"SHS quadra 5, Bloco E., Brasilia",abel.tuter,,62826bf03710200044e0bfc8bcbe5df1,
Jim Ranzetti,jim.ranzetti@example.com,,HR,Benjamin Schkade,"621 6th Avenue South, North Myrtle Beach,SC",jim.ranzetti,Vice President,62d4a181c0a8010e0189dd6ec22324a2,
Ron Kettering,ron.kettering@example.com,,Sales,Damion Matkin,"13308 Midland Road, Poway,CA",ron.kettering,,62d78687c0a8010e00b3d84178adc913,
Incident Manager,incident.manager@example.com,,Customer Support,Bette Barcelona,,Incident.Manager,,63b4c2cd0bb23200ecfd818393673a95,
Andrew Jackson,andrew.jackson@example.com,,IT,Ed Gompf,,andrew.jackson,,645e03b0eb32010045e1a5115206feb5,
Rosalyn Daulton,rosalyn.daulton@example.com,,HR,Rita Center,"3 Whitehall Court, London",rosalyn.daulton,,66826bf03710200044e0bfc8bcbe5dd8,
Lashonda Derouen,lashonda.derouen@example.com,,Customer Support,Barton Friesner,"9201 Warren Parkway #200, Frisco,TX",lashonda.derouen,,66826bf03710200044e0bfc8bcbe5de1,
Buster Wubbel,buster.wubbel@example.com,,Customer Support,Jannie Bowditch,"Karmelitska 2, Lesser Town, Prague",buster.wubbel,,66826bf03710200044e0bfc8bcbe5dea,
George Washington,george.washington@example.com,,IT,Ed Gompf,,george.washington,,67484bb0eb32010045e1a5115206fee6,
survey creator,survey.creator@email.com,,Sales,Bow Ruggeri,,survey.creator,,67e3d7e6532c33005e0addeeff7b12f1,
System Administrator,admin@example.com,,Finance,Robin Grotz,,admin,System Administrator,6816f79cc0a8016401c5a33be04be441,
Creator User,,,Sales,Owen Sparacino,,aes.creator,,6819d332c35102105afbf44ed4013129,
ITIL User,itil@example.com,,HR,Kennith Kirklin,"400 Pryor Street Southwest, Atlanta,GA",itil,IT Technician,681b365ec0a80164000fb0b05854a0cd,
Joe Employee,employee@example.com,,Sales,Caitlin Reiniger,"3121 High Point Road, Greensboro,NC",employee,Administrative Assistant,681ccaf9c0a8016400b98a06818d57c7,
Kristine Paker,kristine.paker@example.com,,Customer Support,Jonathon Waldall,"3 Whitehall Court, London",kristine.paker,,6a826bf03710200044e0bfc8bcbe5dda,
Gale Nolau,gale.nolau@example.com,,Sales,Luella Pliner,"5220 Jimmy Lee Smith Parkway, Hiram,GA",gale.nolau,,6a826bf03710200044e0bfc8bcbe5de3,
Alissa Mountjoy,alissa.mountjoy@example.com,,Sales,Bow Ruggeri,"Bockenheimer Landstraße 223, Frankfurt",alissa.mountjoy,,6a826bf03710200044e0bfc8bcbe5dec,
Ike Zeolla,ike.zeolla@example.com,,IT,Mariano Maury,"3 Whitehall Court, London",ike.zeolla,,6e826bf03710200044e0bfc8bcbe5ddc,
Cruz Roudabush,cruz.roudabush@example.com,,Customer Support,Jonathon Waldall,"243 South Escondido Boulevard, Escondido,CA",cruz.roudabush,,6e826bf03710200044e0bfc8bcbe5de5,
Carmella Wishman,carmella.wishman@example.com,,Sales,Caitlin Reiniger,"2-12-1 Ookayama, Meguro-ku, Tokyo",carmella.wishman,,6e826bf03710200044e0bfc8bcbe5dee,
Antony Alldis,Antony.Alldis@example.com,,Finance,Wes Fontanella,,antony.alldis,Senior Developer,712150f4530360100999ddeeff7b1227,
John Kennedy,jfk@example.com,,IT,Ed Gompf,,jfk,,717ec7f0eb32010045e1a5115206fe21,
Mara Rineheart,mara.rineheart@example.com,,Finance,Devon Samrah,"2500 West Daming Road, Shanghai",mara.rineheart,,71826bf03710200044e0bfc8bcbe5d20,
Marlene Hammeren,marlene.hammeren@example.com,,HR,Bernard Laboy,"27, Boulevard Vitton, Paris",marlene.hammeren,,71826bf03710200044e0bfc8bcbe5d29,
Lona Scronce,lona.scronce@example.com,,HR,Bart Hachey,"Bockenheimer Landstraße 123, Frankfurt",lona.scronce,,71826bf03710200044e0bfc8bcbe5d32,
Aileen Mottern,aileen.mottern@example.com,,Sales,Luella Pliner,"Via Nomentana 56, Rome",aileen.mottern,,71826bf03710200044e0bfc8bcbe5d3b,
Model Manager,model.manager@example.com,,Sales,Leif Arguin,,model_manager,Tester,71c3b0d71b302000aebbfbcd2c0713a8,
Taylor Fogerty,taylor.fogerty@example.com,,Customer Support,Nickolas Khosravi,"Karmelitska 2, Lesser Town, Prague",taylor.fogerty,,72826bf03710200044e0bfc8bcbe5dfa,
Annabelle Coger,annabelle.coger@example.com,,Sales,Damion Matkin,"27, Boulevard Vitton, Paris",annabelle.coger,,7282abf03710200044e0bfc8bcbe5d03,
Antione Mccleary,antione.mccleary@example.com,,Sales,Tia Neumaier,"30 Katharinenstr, Hamburg",antione.mccleary,,7282abf03710200044e0bfc8bcbe5d0c,
Janet Rathrock,janet.rathrock@example.com,,IT,Ed Gompf,"2-12-1 Ookayama, Meguro-ku, Tokyo",janet.rathrock,,7282abf03710200044e0bfc8bcbe5d11,
Dwain Agricola,dwain.agricola@example.com,,Finance,Devon Samrah,"Paradise Road, Richmond, London",dwain.agricola,,7282abf03710200044e0bfc8bcbe5d1a,
Melody Saddat,melody.saddat@example.com,,Sales,Luella Pliner,"6304 Northwest Barry Road, Kansas City,MO",melody.saddat,,7282abf03710200044e0bfc8bcbe5d23,
Waldo Edberg,waldo.edberg@example.com,,Finance,Sherwood Detillier,"27, Boulevard Vitton, Paris",waldo.edberg,,7282abf03710200044e0bfc8bcbe5d2c,
Rolando Baumann,rolando.baumann@example.com,,Customer Support,Bette Barcelona,"30 Katharinenstr, Hamburg",rolando.baumann,,7282abf03710200044e0bfc8bcbe5d35,
SLA Manager,sla.manager@example.com,,Customer Support,Bette Barcelona,,SLA.Manager,,737630419376220050bef157b67ffbec,
Problem Coordinator A,problem.coordinator_a@example.com,,IT,Ed Gompf,,problem.coordinator_a,,73ab3f173b331300ad3cc9bb34efc4df,
Jimmie Kertzman,jimmie.kertzman@example.com,,Customer Support,Margot Arenburg,"2500 West Daming Road, Shanghai",jimmie.kertzman,,75826bf03710200044e0bfc8bcbe5d22,
Fred Kunde,fred.kunde@example.com,,Finance,Mayme Staub,"27, Boulevard Vitton, Paris",fred.kunde,,75826bf03710200044e0bfc8bcbe5d2b,
Kay Ganguli,kay.ganguli@example.com,,HR,Maryjane Arata,"Bockenheimer Landstraße 123, Frankfurt",kay.ganguli,,75826bf03710200044e0bfc8bcbe5d34,
Melvin Auteri,melvin.auteri@example.com,,Sales,Bow Ruggeri,"2-10-1 Yurakucho, Chiyoda-ku, Tokyo",melvin.auteri,,75826bf03710200044e0bfc8bcbe5d3d,
Armando Kolm,armando.kolm@example.com,,IT,Ed Gompf,"Paradise Road, Richmond, London",armando.kolm,,76826bf03710200044e0bfc8bcbe5df3,
Celia Slavin,celia.slavin@example.com,,Customer Support,Bette Barcelona,"Karmelitska 2, Lesser Town, Prague",celia.slavin,,76826bf03710200044e0bfc8bcbe5dfc,
Oma Duffy,oma.duffy@example.com,,Finance,Vernice Resendes,"30 Katharinenstr, Hamburg",oma.duffy,,7682abf03710200044e0bfc8bcbe5d05,
Angelo Ferentz,angelo.ferentz@example.com,,Customer Support,Bette Barcelona,"Carretera Cancun-Chetumal KM 22, Cancun",angelo.ferentz,,7682abf03710200044e0bfc8bcbe5d13,
Angelique Schermerhorn,angelique.schermerhorn@example.com,,IT,Ed Gompf,"Paradise Road, Richmond, London",angelique.schermerhorn,,7682abf03710200044e0bfc8bcbe5d1c,
Essie Vaill,essie.vaill@example.com,,Sales,Software Manager,"6882 Linda Vista Road, San Diego,CA",essie.vaill,,7682abf03710200044e0bfc8bcbe5d25,
Marc Wanger,marc.wanger@example.com,,IT,Ed Gompf,"27, Boulevard Vitton, Paris",marc.wanger,,7682abf03710200044e0bfc8bcbe5d2e,
Kelli Varrato,kelli.varrato@example.com,,Customer Support,Barton Friesner,"30 Katharinenstr, Hamburg",kelli.varrato,,7682abf03710200044e0bfc8bcbe5d37,
David Miller,david.miller@example.com,,Finance,Mayme Staub,,David.Miller,,77ad8176731313005754660c4cf6a7de,
Marcie Shulz,marcie.shulz@example.com,,Customer Support,Deshawn Inafuku,"Karmelitska 2, Lesser Town, Prague",marcie.shulz,,79826bf03710200044e0bfc8bcbe5d24,
Cathryn Nicolaus,cathryn.nicolaus@example.com,,Sales,Owen Sparacino,"27, Boulevard Vitton, Paris",cathryn.nicolaus,,79826bf03710200044e0bfc8bcbe5d2d,
Donald Sherretts,donald.sherretts@example.com,,Sales,Luella Pliner,"Bockenheimer Landstraße 123, Frankfurt",donald.sherretts,,79826bf03710200044e0bfc8bcbe5d36,
Lottie Voll,lottie.voll@example.com,,Finance,Reginald Lunan,"7147 Jonesboro Road, Morrow,GA",lottie.voll,,7a826bf03710200044e0bfc8bcbe5df5,
Reina Wolchesky,reina.wolchesky@example.com,,HR,Maryjane Arata,"27, Boulevard Vitton, Paris",reina.wolchesky,,7a826bf03710200044e0bfc8bcbe5dfe,
Lane Brantz,lane.brantz@example.com,,Customer Support,ATF_TestItilUser2 ATF_TestItilUser2,"30 Katharinenstr, Hamburg",lane.brantz,,7a82abf03710200044e0bfc8bcbe5d07,
Robt Braithwaite,robt.braithwaite@example.com,,IT,Ed Gompf,"Paradise Road, Richmond, London",robt.braithwaite,,7a82abf03710200044e0bfc8bcbe5d15,
Sharlene Circelli,sharlene.circelli@example.com,,IT,Mariano Maury,"3740 Greenbriar Street, Houston,TX",sharlene.circelli,,7a82abf03710200044e0bfc8bcbe5d1e,
Bertie Luby,bertie.luby@example.com,,HR,Roseann Jerko,"5505 Stevens Way, San Diego,CA",bertie.luby,,7a82abf03710200044e0bfc8bcbe5d27,
Kylie Bridgeman,kylie.bridgeman@example.com,,Finance,Mayme Staub,"27, Boulevard Vitton, Paris",kylie.bridgeman,,7a82abf03710200044e0bfc8bcbe5d30,
Hans Carlan,hans.carlan@example.com,,IT,Mariano Maury,"30 Katharinenstr, Hamburg",hans.carlan,,7a82abf03710200044e0bfc8bcbe5d39,
Virtual Agent,,,Sales,Caitlin Reiniger,,virtual.agent,,7ba7351e8d74021087de63ac7f1f00e5,
Freida Michelfelder,freida.michelfelder@example.com,,Sales,Leif Arguin,"248 Abbotsford Road, Brisbane",freida.michelfelder,,7d826bf03710200044e0bfc8bcbe5d1d,
Tiffany Knust,tiffany.knust@example.com,,Customer Support,Nickolas Khosravi,"27, Boulevard Vitton, Paris",tiffany.knust,,7d826bf03710200044e0bfc8bcbe5d26,
Millicent Ekstrom,millicent.ekstrom@example.com,,Finance,Sherwood Detillier,"Bockenheimer Landstraße 123, Frankfurt",millicent.ekstrom,,7d826bf03710200044e0bfc8bcbe5d2f,
Lynette Setlock,lynette.setlock@example.com,,Finance,Reginald Lunan,"Via Nomentana 56, Rome",lynette.setlock,,7d826bf03710200044e0bfc8bcbe5d38,
Problem Task Analyst A,problem.analyst_a@example.com,,Customer Support,Bette Barcelona,,problem.task_analyst_a,,7e3bbb173b331300ad3cc9bb34efc4a8,
Doreen Sakurai,doreen.sakurai@example.com,,Finance,Sherwood Detillier,"140 George Street, Sydney",doreen.sakurai,,7e826bf03710200044e0bfc8bcbe5df7,
Heriberto Tivis,heriberto.tivis@example.com,,Sales,Caitlin Reiniger,"27, Boulevard Vitton, Paris",heriberto.tivis,,7e82abf03710200044e0bfc8bcbe5d00,
Evan Pyfrom,evan.pyfrom@example.com,,HR,Rita Center,"30 Katharinenstr, Hamburg",evan.pyfrom,,7e82abf03710200044e0bfc8bcbe5d09,
Chad Araiza,chad.araiza@example.com,,IT,Ed Gompf,"Via Nomentana 56, Rome",chad.araiza,,7e82abf03710200044e0bfc8bcbe5d0e,
Modesto Scroggie,modesto.scroggie@example.com,,Sales,Software Manager,"Paradise Road, Richmond, London",modesto.scroggie,,7e82abf03710200044e0bfc8bcbe5d17,
Raphael Bickel,raphael.bickel@example.com,,Finance,Certification Admin,"25 New Chardon Street, Boston,MA",raphael.bickel,,7e82abf03710200044e0bfc8bcbe5d20,
Marta Warran,marta.warran@example.com,,Customer Support,Lizzie Torregrossa,"140 George Street, Sydney",marta.warran,,7e82abf03710200044e0bfc8bcbe5d29,
Val Oborne,val.oborne@example.com,,IT,Ed Gompf,"30 Katharinenstr, Hamburg",val.oborne,,7e82abf03710200044e0bfc8bcbe5d32,
Andrew Och,andrew.och@example.com,,Sales,Software Manager,,andrew.och,Senior Developer,800b174138d089c868d09de320f9833b,
Kira Papen,kira.papen@example.com,,IT,Ed Gompf,"2-10-1 Yurakucho, Chiyoda-ku, Tokyo",kira.papen,,82826bf03710200044e0bfc8bcbe5d40,
Delmer Delucas,delmer.delucas@example.com,,IT,Ed Gompf,"Carrera 54 No. 49 - 31, Medellin",delmer.delucas,,82826bf03710200044e0bfc8bcbe5d56,
Marquita Bousman,marquita.bousman@example.com,,Sales,Tia Neumaier,"3 Whitehall Court, London",marquita.bousman,,82826bf03710200044e0bfc8bcbe5d5f,
Helena Suermann,helena.suermann@example.com,,Sales,Leif Arguin,"3 Whitehall Court, London",helena.suermann,,82826bf03710200044e0bfc8bcbe5d65,
Sal Pindell,sal.pindell@example.com,,Customer Support,Jonathon Waldall,"815 E Street, San Diego,CA",sal.pindell,,82826bf03710200044e0bfc8bcbe5d6e,
Gaston Cieloszyk,gaston.cieloszyk@example.com,,IT,Ed Gompf,"8306 Mills Drive, Miami,FL",gaston.cieloszyk,,82826bf03710200044e0bfc8bcbe5d77,
Kerry Evertt,kerry.evertt@example.com,,Finance,Certification Admin,"946 Donax Avenue, Imperial Beach,CA",kerry.evertt,,82826bf03710200044e0bfc8bcbe5d80,
Avery Parbol,avery.parbol@example.com,,IT,Ed Gompf,"946 Donax Avenue, Imperial Beach,CA",avery.parbol,,82826bf03710200044e0bfc8bcbe5d89,
Claire Moyerman,claire.moyerman@example.com,,Customer Support,Margot Arenburg,"27, Boulevard Vitton, Paris",claire.moyerman,,82826bf03710200044e0bfc8bcbe5d92,
Karen Zombo,karen.zombo@example.com,,Customer Support,Hanna Cinkan,"Paradise Road, Richmond, London",karen.zombo,,8382abf03710200044e0bfc8bcbe5d43,
James Smith,james.smith@example.com,,HR,Kennith Kirklin,,james.smith,,83d51a9673500010c2e7660c4cf6a711,
Sitemap Scheduler User ,,,Finance,Mayme Staub,,sitemap.scheduler.user,,85388c25b71011104eed4643ae11a993,
ESC Admin,escadmin@example.com,,HR,Benjamin Schkade,,escadmin,,85e3678553812300e03addeeff7b12be,
Credential Admin,cred.admin@example.com,,Sales,Leif Arguin,,cred.admin,,860a4d35eb32010045e1a5115206fe54,
Isaac Davensizer,isaac.davensizer@example.com,,Customer Support,Lizzie Torregrossa,"2-10-1 Yurakucho, Chiyoda-ku, Tokyo",isaac.davensizer,,86826bf03710200044e0bfc8bcbe5d42,
Vivian Brzostowski,vivian.brzostowski@example.com,,Customer Support,ATF_TestItilUser2 ATF_TestItilUser2,"3 Whitehall Court, London",vivian.brzostowski,,86826bf03710200044e0bfc8bcbe5d58,
Felipe Mahone,felipe.mahone@example.com,,IT,Mariano Maury,"3 Whitehall Court, London",felipe.mahone,,86826bf03710200044e0bfc8bcbe5d67,
Mitzi Ihenyen,mitzi.ihenyen@example.com,,Sales,Tia Neumaier,"8306 Mills Drive, Miami,FL",mitzi.ihenyen,,86826bf03710200044e0bfc8bcbe5d70,
Claudio Loose,claudio.loose@example.com,,Finance,Wes Fontanella,"815 E Street, San Diego,CA",claudio.loose,,86826bf03710200044e0bfc8bcbe5d79,
Francis Soo,francis.soo@example.com,,HR,Bernard Laboy,"153 South Sierra Avenue, Solana Beach,CA",francis.soo,,86826bf03710200044e0bfc8bcbe5d82,
Fausto Marks,fausto.marks@example.com,,IT,Ed Gompf,"75-85 York Street, Melbourne",fausto.marks,,86826bf03710200044e0bfc8bcbe5d8b,
Brendan Qin,brendan.qin@example.com,,Sales,Luella Pliner,"27, Boulevard Vitton, Paris",brendan.qin,,86826bf03710200044e0bfc8bcbe5d94,
Traci Toomey,traci.toomey@example.com,,Sales,Caitlin Reiniger,"2-12-1 Ookayama, Meguro-ku, Tokyo",traci.toomey,,8782abf03710200044e0bfc8bcbe5d3c,
Darrin Neiss,darrin.neiss@example.com,,IT,Ed Gompf,"Paradise Road, Richmond, London",darrin.neiss,,8782abf03710200044e0bfc8bcbe5d45,
ml.admin ,,,Customer Support,Bette Barcelona,,ml.admin,,88aad6c5c73003005f1b78d48b9763a5,
Danny Dales,danny.dales@example.com,,IT,Ed Gompf,"2-10-1 Yurakucho, Chiyoda-ku, Tokyo",danny.dales,,8a826bf03710200044e0bfc8bcbe5d44,
Shanna Numkena,shanna.numkena@example.com,,Customer Support,Jannie Bowditch,"3 Whitehall Court, London",shanna.numkena,,8a826bf03710200044e0bfc8bcbe5d5a,
Zackary Mockus,zackary.mockus@example.com,,Finance,Devon Samrah,"8306 Mills Drive, Miami,FL",zackary.mockus,,8a826bf03710200044e0bfc8bcbe5d69,
Lynda Caraway,lynda.caraway@example.com,,IT,Mariano Maury,"815 E Street, San Diego,CA",lynda.caraway,,8a826bf03710200044e0bfc8bcbe5d72,
Trudy Worlds,trudy.worlds@example.com,,IT,Ed Gompf,"153 South Sierra Avenue, Solana Beach,CA",trudy.worlds,,8a826bf03710200044e0bfc8bcbe5d7b,
Dorthy Alexy,dorthy.alexy@example.com,,IT,Ed Gompf,"650 Dennery Road #102, San Diego,CA",dorthy.alexy,,8a826bf03710200044e0bfc8bcbe5d84,
Warren Hacher,warren.hacher@example.com,,HR,Benjamin Schkade,"150 Kennedy Road, Hong Kong",warren.hacher,,8a826bf03710200044e0bfc8bcbe5d8d,
Delphine Helmich,delphine.helmich@example.com,,HR,Kasey Nguyen,"Bockenheimer Landstraße 123, Frankfurt",delphine.helmich,,8a826bf03710200044e0bfc8bcbe5d96,
Tommie Reuland,tommie.reuland@example.com,,IT,Ed Gompf,"Carretera Cancun-Chetumal KM 22, Cancun",tommie.reuland,,8b82abf03710200044e0bfc8bcbe5d3e,
John Adams,john.adams@example.com,,HR,Kasey Nguyen,,john.adams,,8c17c7f0eb32010045e1a5115206fe17,
Eric Schroeder,eric.schroeder@example.com,,Finance,Mayme Staub,"3741 Ross Clark Circle, Dothan,AL",eric.schroeder,,8d56406a0a0a0a6b004070b354aada28,
Rob Woodbyrne,rob.woodbyrne@example.com,,Customer Support,Margot Arenburg,"322 West 52nd Street, New York,NY",rob.woodbyrne,,8d5938070a0a0a6b00f8a5e8d3375606,
Mike  Hussey,mike.hussey@example.com,,IT,Ed Gompf,,Mike.Hussey,,8e578dba731313005754660c4cf6a795,
Merle Wyrosdick,merle.wyrosdick@example.com,,Customer Support,ATF_TestItilUser2 ATF_TestItilUser2,"Carrera 54 No. 49 - 31, Medellin",merle.wyrosdick,,8e826bf03710200044e0bfc8bcbe5d46,
Milton Kuhlman,milton.kuhlman@example.com,,HR,Roseann Jerko,"3 Whitehall Court, London",milton.kuhlman,,8e826bf03710200044e0bfc8bcbe5d5c,
Lana Garrigus,lana.garrigus@example.com,,Finance,Arya Hajarha,"3 Whitehall Court, London",lana.garrigus,,8e826bf03710200044e0bfc8bcbe5d62,
Sue Haakinson,sue.haakinson@example.com,,Sales,Pilar Suddeth,"8306 Mills Drive, Miami,FL",sue.haakinson,,8e826bf03710200044e0bfc8bcbe5d6b,
Jarvis Galas,jarvis.galas@example.com,,HR,Roseann Jerko,"815 E Street, San Diego,CA",jarvis.galas,,8e826bf03710200044e0bfc8bcbe5d74,
Mack Jurasin,mack.jurasin@example.com,,Finance,Arya Hajarha,"13308 Midland Road, Poway,CA",mack.jurasin,,8e826bf03710200044e0bfc8bcbe5d7d,
Colin Altonen,colin.altonen@example.com,,IT,Ed Gompf,"946 Donax Avenue, Imperial Beach,CA",colin.altonen,,8e826bf03710200044e0bfc8bcbe5d86,
Sybil Marmerchant,sybil.marmerchant@example.com,,Customer Support,Margot Arenburg,"Karmelitska 2, Lesser Town, Prague",sybil.marmerchant,,8e826bf03710200044e0bfc8bcbe5d8f,
Jimmie Hardgrove,jimmie.hardgrove@example.com,,Customer Support,Jonathon Waldall,"Carretera Cancun-Chetumal KM 22, Cancun",jimmie.hardgrove,,8f82abf03710200044e0bfc8bcbe5d40,
CMDB Admin,cmdb.admin@example.com,,HR,Garfield Lijewski,,cmdb_admin,,8ff5b254b33213005e3de13516a8dcf7,
Deepa Shah,deepa.shah@example.com,,Customer Support,Deshawn Inafuku,"SHS quadra 5, Bloco E., Brasilia",deepa.shah,,9112fd0dc3313000bac1addbdfba8f95,
Praveen Vootkuri,praveen.vootkuri@example.com,,Finance,Robin Grotz,"SHS quadra 5, Bloco E., Brasilia",praveen.vootkuri,,9142b90dc3313000bac1addbdfba8f8d,
Password User,pwd.user@example.com,,Customer Support,Nickolas Khosravi,,pwd.user,,91790d35eb32010045e1a5115206feef,
Reyna Bangle,reyna.bangle@example.com,,Customer Support,Deshawn Inafuku,"Karmelitska 2, Lesser Town, Prague",reyna.bangle,,92826bf03710200044e0bfc8bcbe5da0,
Roger Seid,roger.seid@example.com,,Sales,Luella Pliner,"302 Washington Street, San Diego,CA",roger.seid,,92826bf03710200044e0bfc8bcbe5da9,
Bertram Quertermous,bertram.quertermous@example.com,,Customer Support,Hanna Cinkan,"Karmelitska 2, Lesser Town, Prague",bertram.quertermous,,92826bf03710200044e0bfc8bcbe5db2,
Eduardo Bellendir,eduardo.bellendir@example.com,,Finance,Robin Grotz,"27, Boulevard Vitton, Paris",eduardo.bellendir,,92826bf03710200044e0bfc8bcbe5dbb,
Jeremy Lampi,jeremy.lampi@example.com,,Customer Support,Margot Arenburg,"Bockenheimer Landstraße 223, Frankfurt",jeremy.lampi,,92826bf03710200044e0bfc8bcbe5dc4,
Beverly Cambel,beverly.cambel@example.com,,HR,Garfield Lijewski,"Via Nomentana 56, Rome",beverly.cambel,,92826bf03710200044e0bfc8bcbe5dcd,
ECMDB Admin,ecmdb.admin@example.com,,Finance,Reginald Lunan,,ecmdb_admin,,94a28f10b37213005e3de13516a8dcd4,
Shanna Neundorfer,shanna.neundorfer@example.com,,IT,Mariano Maury,"Bockenheimer Landstraße 123, Frankfurt",shanna.neundorfer,,96826bf03710200044e0bfc8bcbe5da2,
Dionne Borycz,dionne.borycz@example.com,,Finance,Certification Admin,"248 Abbotsford Road, Brisbane",dionne.borycz,,96826bf03710200044e0bfc8bcbe5dab,
Samantha Bordwell,samantha.bordwell@example.com,,Sales,Pilar Suddeth,"27, Boulevard Vitton, Paris",samantha.bordwell,,96826bf03710200044e0bfc8bcbe5db4,
Sheryl Sisofo,sheryl.sisofo@example.com,,Sales,Owen Sparacino,"Bockenheimer Landstraße 223, Frankfurt",sheryl.sisofo,,96826bf03710200044e0bfc8bcbe5dbd,
Fran Zanders,fran.zanders@example.com,,HR,Rita Center,"Bockenheimer Landstraße 223, Frankfurt",fran.zanders,,96826bf03710200044e0bfc8bcbe5dc6,
Minh Leclare,minh.leclare@example.com,,IT,Ed Gompf,"2-12-1 Ookayama, Meguro-ku, Tokyo",minh.leclare,,96826bf03710200044e0bfc8bcbe5dcf,
Christen Mitchell,christen.mitchell@example.com,,HR,Benjamin Schkade,"13308 Midland Road, Poway,CA",christen.mitchell,Junior Developer,97000fcc0a0a0a6e0104ca999f619e5b,
sharedservice.worker Agent Intelligence Plug-in,,,HR,Garfield Lijewski,,sharedservice.worker,,98b1510767113200d109199672415adc,
Charity Dyckman,charity.dyckman@example.com,,Finance,Arya Hajarha,"SHS quadra 5, Bloco E., Brasilia",charity.dyckman,,9a826bf03710200044e0bfc8bcbe5d9b,
Warren Speach,warren.speach@example.com,,HR,Kennith Kirklin,"Paradise Road, Richmond, London",warren.speach,,9a826bf03710200044e0bfc8bcbe5da4,
Miranda Hammitt,miranda.hammitt@example.com,,Finance,Arya Hajarha,"2500 West Daming Road, Shanghai",miranda.hammitt,,9a826bf03710200044e0bfc8bcbe5dad,
Maynard Kaewprasert,maynard.kaewprasert@example.com,,IT,Ed Gompf,"27, Boulevard Vitton, Paris",maynard.kaewprasert,,9a826bf03710200044e0bfc8bcbe5db6,
Reina Reisenauer,reina.reisenauer@example.com,,Finance,Devon Samrah,"Bockenheimer Landstraße 223, Frankfurt",reina.reisenauer,,9a826bf03710200044e0bfc8bcbe5dbf,
Bess Marso,bess.marso@example.com,,HR,Benjamin Schkade,"Bockenheimer Landstraße 223, Frankfurt",bess.marso,,9a826bf03710200044e0bfc8bcbe5dc8,
Freeman Soula,freeman.soula@example.com,,HR,Kennith Kirklin,"2-12-1 Ookayama, Meguro-ku, Tokyo",freeman.soula,,9a826bf03710200044e0bfc8bcbe5dd1,
Jake Throgmorton,jake.throgmorton@example.com,,Sales,Caitlin Reiniger,"SHS quadra 5, Bloco E., Brasilia",jake.throgmorton,,9ce1b90dc3313000bac1addbdfba8ff1,
Erica Eyrich,erica.eyrich@example.com,,Customer Support,Bette Barcelona,"2-12-1 Ookayama, Meguro-ku, Tokyo",erica.eyrich,,9e826bf03710200044e0bfc8bcbe5d98,
Terra Plagge,terra.plagge@example.com,,HR,Kennith Kirklin,"248 Abbotsford Road, Brisbane",terra.plagge,,9e826bf03710200044e0bfc8bcbe5d9d,
Tyree Courrege,tyree.courrege@example.com,,Sales,Pilar Suddeth,"302 Washington Street, San Diego,CA",tyree.courrege,,9e826bf03710200044e0bfc8bcbe5da6,
Deanna Gerbi,deanna.gerbi@example.com,,HR,Maryjane Arata,"2500 West Daming Road, Shanghai",deanna.gerbi,,9e826bf03710200044e0bfc8bcbe5daf,
Kris Stanzak,kris.stanzak@example.com,,HR,Kris Persson,"27, Boulevard Vitton, Paris",kris.stanzak,,9e826bf03710200044e0bfc8bcbe5db8,
Manuel Dienhart,manuel.dienhart@example.com,,IT,Ed Gompf,"Bockenheimer Landstraße 223, Frankfurt",manuel.dienhart,,9e826bf03710200044e0bfc8bcbe5dc1,
Stacey Blow,stacey.blow@example.com,,Finance,Devon Samrah,"Via Nomentana 56, Rome",stacey.blow,,9e826bf03710200044e0bfc8bcbe5dca,
Don Goodliffe,don.goodliffe@example.com,,IT,Ed Gompf,"13308 Midland Road, Poway,CA",don.goodliffe,,9ee1b13dc6112271007f9d0efdb69cd0,
Junior Wadlinger,junior.wadlinger@example.com,,Sales,Bow Ruggeri,"3 Whitehall Court, London",junior.wadlinger,,a2826bf03710200044e0bfc8bcbe5ddb,
Elvira Blumenthal,elvira.blumenthal@example.com,,Sales,Owen Sparacino,"450 Lexington Avenue, New York,NY",elvira.blumenthal,,a2826bf03710200044e0bfc8bcbe5de4,
Alejandro Mascall,alejandro.mascall@example.com,,Sales,Damion Matkin,"Bockenheimer Landstraße 223, Frankfurt",alejandro.mascall,,a2826bf03710200044e0bfc8bcbe5ded,
Simone Lundie,simone.lundie@example.com,,Sales,Pilar Suddeth,"SHS quadra 5, Bloco E., Brasilia",simone.lundie,,a6826bf03710200044e0bfc8bcbe5dd4,
Gil Scarpa,gil.scarpa@example.com,,HR,Kasey Nguyen,"3 Whitehall Court, London",gil.scarpa,,a6826bf03710200044e0bfc8bcbe5ddd,
Boris Catino,boris.catino@example.com,,Finance,Wes Fontanella,"243 South Escondido Boulevard, Escondido,CA",boris.catino,,a6826bf03710200044e0bfc8bcbe5de6,
Carla Humble,carla.humble@example.com,,HR,Kasey Nguyen,"2-12-1 Ookayama, Meguro-ku, Tokyo",carla.humble,,a6826bf03710200044e0bfc8bcbe5def,
Inventory Admin,Inventory.Admin@example.com,,HR,Benjamin Schkade,,inventory_admin,Tester,a6c0b63a47702000cdd1706eecde276f,
Abraham Lincoln,abraham.lincoln@example.com,,HR,Bart Hachey,,abraham.lincoln,,a8f98bb0eb32010045e1a5115206fe3a,
Amelia Caputo,amelia.caputo@example.com,,Customer Support,Lizzie Torregrossa,"SHS quadra 5, Bloco E., Brasilia",amelia.caputo,,aa826bf03710200044e0bfc8bcbe5dd6,
Curt Menedez,curt.menedez@example.com,,Sales,Leif Arguin,"3 Whitehall Court, London",curt.menedez,,aa826bf03710200044e0bfc8bcbe5ddf,
Allie Pumphrey,allie.pumphrey@example.com,,Sales,Bow Ruggeri,"75-85 York Street, Melbourne",allie.pumphrey,,aa826bf03710200044e0bfc8bcbe5de8,
Carla Sirbaugh,carla.sirbaugh@example.com,,HR,Rita Center,"Paradise Road, Richmond, London",carla.sirbaugh,,aa826bf03710200044e0bfc8bcbe5df1,
Marisa Woldridge,marisa.woldridge@example.com,,HR,Garfield Lijewski,"3 Whitehall Court, London",marisa.woldridge,,ae826bf03710200044e0bfc8bcbe5dd8,
Kenya Bruni,kenya.bruni@example.com,,HR,Garfield Lijewski,"4492 Camino De La Plaza, San Ysidro,CA",kenya.bruni,,ae826bf03710200044e0bfc8bcbe5de1,
Bert Schadle,bert.schadle@example.com,,Sales,Software Manager,"Karmelitska 2, Lesser Town, Prague",bert.schadle,,ae826bf03710200044e0bfc8bcbe5dea,
Chris Harris,chris.harris@example.com,,Sales,Pilar Suddeth,,chris.harris,,b0f31e5673500010c2e7660c4cf6a711,
Naomi Mcraven,naomi.mcraven@example.com,,Sales,Luella Pliner,"248 Abbotsford Road, Brisbane",naomi.mcraven,,b1826bf03710200044e0bfc8bcbe5d1c,
George Tukis,george.tukis@example.com,,HR,Kris Persson,"Karmelitska 2, Lesser Town, Prague",george.tukis,,b1826bf03710200044e0bfc8bcbe5d25,
Rosanna Sandrock,rosanna.sandrock@example.com,,HR,Kasey Nguyen,"Bockenheimer Landstraße 123, Frankfurt",rosanna.sandrock,,b1826bf03710200044e0bfc8bcbe5d2e,
Willard Roughen,willard.roughen@example.com,,IT,Ed Gompf,"Via Nomentana 56, Rome",willard.roughen,,b1826bf03710200044e0bfc8bcbe5d37,
Neil Backus,neil.backus@example.com,,Sales,Luella Pliner,"140 George Street, Sydney",neil.backus,,b2826bf03710200044e0bfc8bcbe5df6,
Leslie Cackowski,leslie.cackowski@example.com,,Sales,Software Manager,"27, Boulevard Vitton, Paris",leslie.cackowski,,b2826bf03710200044e0bfc8bcbe5dff,
Kurtis Asberry,kurtis.asberry@example.com,,Finance,Wes Fontanella,"30 Katharinenstr, Hamburg",kurtis.asberry,,b282abf03710200044e0bfc8bcbe5d08,
Rene Dummermuth,rene.dummermuth@example.com,,Sales,Software Manager,"Paradise Road, Richmond, London",rene.dummermuth,,b282abf03710200044e0bfc8bcbe5d16,
Rosemarie Fifield,rosemarie.fifield@example.com,,HR,Benjamin Schkade,"6882 Linda Vista Road, San Diego,CA",rosemarie.fifield,,b282abf03710200044e0bfc8bcbe5d1f,
Allan Schwantd,allan.schwantd@example.com,,Customer Support,Jannie Bowditch,"400 Pryor Street Southwest, Atlanta,GA",allan.schwantd,,b282abf03710200044e0bfc8bcbe5d28,
Jasmin Gum,jasmin.gum@example.com,,Customer Support,Jonathon Waldall,"27, Boulevard Vitton, Paris",jasmin.gum,,b282abf03710200044e0bfc8bcbe5d31,
Gayla Geimer,gayla.geimer@example.com,,Finance,Reginald Lunan,"30 Katharinenstr, Hamburg",gayla.geimer,,b282abf03710200044e0bfc8bcbe5d3a,
Emilia Oxley,emilia.oxley@example.com,,Finance,Devon Samrah,"248 Abbotsford Road, Brisbane",emilia.oxley,,b5826bf03710200044e0bfc8bcbe5d1e,
Rena Griffeth,rena.griffeth@example.com,,Finance,Robin Grotz,"27, Boulevard Vitton, Paris",rena.griffeth,,b5826bf03710200044e0bfc8bcbe5d27,
Mari Hwang,mari.hwang@example.com,,Finance,Wes Fontanella,"Bockenheimer Landstraße 123, Frankfurt",mari.hwang,,b5826bf03710200044e0bfc8bcbe5d30,
Joey Bolick,joey.bolick@example.com,,Sales,Bow Ruggeri,"Via Nomentana 56, Rome",joey.bolick,,b5826bf03710200044e0bfc8bcbe5d39,
Sabrina Deppert,sabrina.deppert@example.com,,Customer Support,Bette Barcelona,"150 Kennedy Road, Hong Kong",sabrina.deppert,,b6826bf03710200044e0bfc8bcbe5df8,
Edgardo Prudente,edgardo.prudente@example.com,,Customer Support,Barton Friesner,"27, Boulevard Vitton, Paris",edgardo.prudente,,b682abf03710200044e0bfc8bcbe5d01,
Chad Miklas,chad.miklas@example.com,,Finance,Arya Hajarha,"30 Katharinenstr, Hamburg",chad.miklas,,b682abf03710200044e0bfc8bcbe5d0a,
Bryan Rovell,bryan.rovell@example.com,,IT,Ed Gompf,"Via Nomentana 56, Rome",bryan.rovell,,b682abf03710200044e0bfc8bcbe5d0f,
Madonna Cosby,madonna.cosby@example.com,,Finance,Devon Samrah,"Paradise Road, Richmond, London",madonna.cosby,,b682abf03710200044e0bfc8bcbe5d18,
Randall Kluemper,randall.kluemper@example.com,,Sales,Pilar Suddeth,"6304 Northwest Barry Road, Kansas City,MO",randall.kluemper,,b682abf03710200044e0bfc8bcbe5d21,
Leif Bachta,leif.bachta@example.com,,IT,Mariano Maury,"140 George Street, Sydney",leif.bachta,,b682abf03710200044e0bfc8bcbe5d2a,
Teri Erlewine,teri.erlewine@example.com,,Customer Support,Margot Arenburg,"30 Katharinenstr, Hamburg",teri.erlewine,,b682abf03710200044e0bfc8bcbe5d33,
ATF Change Management,,,Sales,Bow Ruggeri,,change.atf,,b6b364e253131300e321ddeeff7b121b,
ml_report.user ,,,Customer Support,Jannie Bowditch,,ml_report.user,,b6bad6c5c73003005f1b78d48b97632a,
Chuck Tomasi,,,Finance,Wes Fontanella,,chuck.tomasi,Senior Developer,b9377c460b0131109dae8a8db777b295,
Kory Wooldridge,kory.wooldridge@example.com,,HR,Roseann Jerko,"2500 West Daming Road, Shanghai",kory.wooldridge,,b9826bf03710200044e0bfc8bcbe5d20,
Lyman Whittley,lyman.whittley@example.com,,IT,Ed Gompf,"27, Boulevard Vitton, Paris",lyman.whittley,,b9826bf03710200044e0bfc8bcbe5d29,
Lashonda Enote,lashonda.enote@example.com,,Sales,Caitlin Reiniger,"Bockenheimer Landstraße 123, Frankfurt",lashonda.enote,,b9826bf03710200044e0bfc8bcbe5d32,
Teodoro Gaboury,teodoro.gaboury@example.com,,IT,Ed Gompf,"2-10-1 Yurakucho, Chiyoda-ku, Tokyo",teodoro.gaboury,,b9826bf03710200044e0bfc8bcbe5d3b,
Rodrigo Wildrick,rodrigo.wildrick@example.com,,Customer Support,Jonathon Waldall,"Karmelitska 2, Lesser Town, Prague",rodrigo.wildrick,,ba826bf03710200044e0bfc8bcbe5dfa,
Trey Tout,trey.tout@example.com,,Finance,Devon Samrah,"30 Katharinenstr, Hamburg",trey.tout,,ba82abf03710200044e0bfc8bcbe5d03,
Willa Dutt,willa.dutt@example.com,,Customer Support,Nickolas Khosravi,"Carretera Cancun-Chetumal KM 22, Cancun",willa.dutt,,ba82abf03710200044e0bfc8bcbe5d11,
Callie Leboeuf,callie.leboeuf@example.com,,Customer Support,Nickolas Khosravi,"Paradise Road, Richmond, London",callie.leboeuf,,ba82abf03710200044e0bfc8bcbe5d1a,
Margarito Kornbau,margarito.kornbau@example.com,,Sales,Pilar Suddeth,"5505 Stevens Way, San Diego,CA",margarito.kornbau,,ba82abf03710200044e0bfc8bcbe5d23,
Reggie Streu,reggie.streu@example.com,,Sales,Owen Sparacino,"27, Boulevard Vitton, Paris",reggie.streu,,ba82abf03710200044e0bfc8bcbe5d2c,
Marla Folz,marla.folz@example.com,,HR,Maryjane Arata,"30 Katharinenstr, Hamburg",marla.folz,,ba82abf03710200044e0bfc8bcbe5d35,
ATF Service Level Management,sla.atf@example.com,,IT,Ed Gompf,,sla.atf,,babb4639b76233004fbc2089ee11a97f,
ATF_TestItilUser1 ATF_TestItilUser1,,,IT,Mariano Maury,,ATF_TestItilUser1,,bba5cf680b982300cac6c08393673a42,
Problem Task Analyst B,problem.analyst_b@example.com,,Sales,Damion Matkin,,problem.task_analyst_b,,bc8bfb173b331300ad3cc9bb34efc4f5,
Ella Pahnke,ella.pahnke@example.com,,IT,Ed Gompf,"2500 West Daming Road, Shanghai",ella.pahnke,,bd826bf03710200044e0bfc8bcbe5d22,
Felecia Riedl,felecia.riedl@example.com,,IT,Ed Gompf,"27, Boulevard Vitton, Paris",felecia.riedl,,bd826bf03710200044e0bfc8bcbe5d2b,
Isaac Zackery,isaac.zackery@example.com,,HR,Kennith Kirklin,"Bockenheimer Landstraße 123, Frankfurt",isaac.zackery,,bd826bf03710200044e0bfc8bcbe5d34,
Marta Horner,marta.horner@example.com,,HR,Kasey Nguyen,"2-10-1 Yurakucho, Chiyoda-ku, Tokyo",marta.horner,,bd826bf03710200044e0bfc8bcbe5d3d,
Socorro Balandran,socorro.balandran@example.com,,Customer Support,Lizzie Torregrossa,"7147 Jonesboro Road, Morrow,GA",socorro.balandran,,be826bf03710200044e0bfc8bcbe5df3,
Tia Lino,tia.lino@example.com,,IT,Mariano Maury,"27, Boulevard Vitton, Paris",tia.lino,,be826bf03710200044e0bfc8bcbe5dfc,
Neva Marsell,neva.marsell@example.com,,IT,Ed Gompf,"30 Katharinenstr, Hamburg",neva.marsell,,be82abf03710200044e0bfc8bcbe5d05,
Valeria Lingbeek,valeria.lingbeek@example.com,,Sales,Pilar Suddeth,"Paradise Road, Richmond, London",valeria.lingbeek,,be82abf03710200044e0bfc8bcbe5d13,
Alene Rabeck,alene.rabeck@example.com,,HR,Maryjane Arata,"Paradise Road, Richmond, London",alene.rabeck,,be82abf03710200044e0bfc8bcbe5d1c,
Davis Brevard,davis.brevard@example.com,,Sales,Damion Matkin,"3740 Greenbriar Street, Houston,TX",davis.brevard,,be82abf03710200044e0bfc8bcbe5d25,
Malissa Ziesemer,malissa.ziesemer@example.com,,HR,Garfield Lijewski,"27, Boulevard Vitton, Paris",malissa.ziesemer,,be82abf03710200044e0bfc8bcbe5d2e,
Jude Haza,jude.haza@example.com,,Finance,Virgil Chinni,"30 Katharinenstr, Hamburg",jude.haza,,be82abf03710200044e0bfc8bcbe5d37,
Ashley Leonesio,ashley.leonesio@example.com,,IT,Ed Gompf,"2-10-1 Yurakucho, Chiyoda-ku, Tokyo",ashley.leonesio,,c2826bf03710200044e0bfc8bcbe5d45,
Rebeca Brumet,rebeca.brumet@example.com,,HR,Roseann Jerko,"3 Whitehall Court, London",rebeca.brumet,,c2826bf03710200044e0bfc8bcbe5d5b,
Wilfredo Gidley,wilfredo.gidley@example.com,,Finance,Virgil Chinni,"8306 Mills Drive, Miami,FL",wilfredo.gidley,,c2826bf03710200044e0bfc8bcbe5d6a,
Lashawn Hasty,lashawn.hasty@example.com,,Customer Support,ATF_TestItilUser2 ATF_TestItilUser2,"815 E Street, San Diego,CA",lashawn.hasty,,c2826bf03710200044e0bfc8bcbe5d73,
Rudy Kuhle,rudy.kuhle@example.com,,Sales,Owen Sparacino,"946 Donax Avenue, Imperial Beach,CA",rudy.kuhle,,c2826bf03710200044e0bfc8bcbe5d7c,
Dorothea Sweem,dorothea.sweem@example.com,,IT,Ed Gompf,"13308 Midland Road, Poway,CA",dorothea.sweem,,c2826bf03710200044e0bfc8bcbe5d85,
Robin Schartz,robin.schartz@example.com,,Sales,Damion Matkin,"150 Kennedy Road, Hong Kong",robin.schartz,,c2826bf03710200044e0bfc8bcbe5d8e,
Audra Cantu,audra.cantu@example.com,,HR,Garfield Lijewski,"Bockenheimer Landstraße 123, Frankfurt",audra.cantu,,c2826bf03710200044e0bfc8bcbe5d97,
Tisha Gorder,tisha.gorder@example.com,,HR,Benjamin Schkade,"Carretera Cancun-Chetumal KM 22, Cancun",tisha.gorder,,c382abf03710200044e0bfc8bcbe5d3f,
Mathew Taylor,mathew.taylor@example.com,,IT,Ed Gompf,,mathew.taylor,,c4261a9673500010c2e7660c4cf6a715,
Michael Hoefer,michael.hoefer@example.com,,HR,Kris Persson,"SHS quadra 5, Bloco E., Brasilia",michael.hoefer,,c4713d0dc3313000bac1addbdfba8ff3,
Marietta Bjornberg,marietta.bjornberg@example.com,,Finance,Vernice Resendes,"2-10-1 Yurakucho, Chiyoda-ku, Tokyo",marietta.bjornberg,,c6826bf03710200044e0bfc8bcbe5d3e,
Laurie Bibbs,laurie.bibbs@example.com,,HR,Kris Persson,"Carrera 54 No. 49 - 31, Medellin",laurie.bibbs,,c6826bf03710200044e0bfc8bcbe5d47,
Latisha Bahls,latisha.bahls@example.com,,HR,Bart Hachey,"Carrera 54 No. 49 - 31, Medellin",latisha.bahls,,c6826bf03710200044e0bfc8bcbe5d54,
Meredith Ivrin,meredith.ivrin@example.com,,Customer Support,Hanna Cinkan,"3 Whitehall Court, London",meredith.ivrin,,c6826bf03710200044e0bfc8bcbe5d5d,
Lamar Mckibben,lamar.mckibben@example.com,,IT,Ed Gompf,"3 Whitehall Court, London",lamar.mckibben,,c6826bf03710200044e0bfc8bcbe5d63,
Shelley Groden,shelley.groden@example.com,,Finance,Sherwood Detillier,"815 E Street, San Diego,CA",shelley.groden,,c6826bf03710200044e0bfc8bcbe5d6c,
Jacklyn Emayo,jacklyn.emayo@example.com,,Customer Support,Barton Friesner,"815 E Street, San Diego,CA",jacklyn.emayo,,c6826bf03710200044e0bfc8bcbe5d75,
Lucien Iurato,lucien.iurato@example.com,,Finance,Devon Samrah,"650 Dennery Road #102, San Diego,CA",lucien.iurato,,c6826bf03710200044e0bfc8bcbe5d7e,
Candice Bruckman,candice.bruckman@example.com,,HR,Bernard Laboy,"946 Donax Avenue, Imperial Beach,CA",candice.bruckman,,c6826bf03710200044e0bfc8bcbe5d87,
Reva Lecates,reva.lecates@example.com,,HR,Kennith Kirklin,"Karmelitska 2, Lesser Town, Prague",reva.lecates,,c6826bf03710200044e0bfc8bcbe5d90,
Petra Clemmens,petra.clemmens@example.com,,Sales,Damion Matkin,"Paradise Road, Richmond, London",petra.clemmens,,c782abf03710200044e0bfc8bcbe5d41,
cab approver,cab.approver@example.com,,HR,Kris Persson,,Cab Approver,,c97024fe53271300e321ddeeff7b1233,
Annie Approver,annie.approver@example.com,,Customer Support,Hanna Cinkan,"815 E Street, San Diego,CA",annie.approver,,c9884ac30a0a0bdb3879454e8f02774e,
Josephine Sotlar,josephine.sotlar@example.com,,Customer Support,ATF_TestItilUser2 ATF_TestItilUser2,"2-10-1 Yurakucho, Chiyoda-ku, Tokyo",josephine.sotlar,,ca826bf03710200044e0bfc8bcbe5d40,
Clarice Knower,clarice.knower@example.com,,Finance,Vernice Resendes,"Carrera 54 No. 49 - 31, Medellin",clarice.knower,,ca826bf03710200044e0bfc8bcbe5d56,
Lynn Saulsberry,lynn.saulsberry@example.com,,IT,Mariano Maury,"3 Whitehall Court, London",lynn.saulsberry,,ca826bf03710200044e0bfc8bcbe5d5f,
Guillermo Tsang,guillermo.tsang@example.com,,Finance,Reginald Lunan,"3 Whitehall Court, London",guillermo.tsang,,ca826bf03710200044e0bfc8bcbe5d65,
Ofelia Sheffler,ofelia.sheffler@example.com,,IT,Mariano Maury,"8306 Mills Drive, Miami,FL",ofelia.sheffler,,ca826bf03710200044e0bfc8bcbe5d6e,
Fannie Steese,fannie.steese@example.com,,HR,Kris Persson,"815 E Street, San Diego,CA",fannie.steese,,ca826bf03710200044e0bfc8bcbe5d77,
Karla Ken,karla.ken@example.com,,Sales,Leif Arguin,"153 South Sierra Avenue, Solana Beach,CA",karla.ken,,ca826bf03710200044e0bfc8bcbe5d80,
Alva Pennigton,alva.pennigton@example.com,,IT,Ed Gompf,"650 Dennery Road #102, San Diego,CA",alva.pennigton,,ca826bf03710200044e0bfc8bcbe5d89,
Bridgett Retort,bridgett.retort@example.com,,HR,Maryjane Arata,"27, Boulevard Vitton, Paris",bridgett.retort,,ca826bf03710200044e0bfc8bcbe5d92,
Incident Manageratf,Incident.Manageratf@example.com,,Finance,Reginald Lunan,,Incident.Manageratf,,cae9ddbedbd313001d47765f369619bd,
Elmo Dagenais,elmo.dagenais@example.com,,IT,Ed Gompf,"Paradise Road, Richmond, London",elmo.dagenais,,cb82abf03710200044e0bfc8bcbe5d43,
Gregg Guevarra,gregg.guevarra@example.com,,Sales,Tia Neumaier,"2-10-1 Yurakucho, Chiyoda-ku, Tokyo",gregg.guevarra,,ce826bf03710200044e0bfc8bcbe5d42,
Vince Ettel,vince.ettel@example.com,,Customer Support,Jannie Bowditch,"3 Whitehall Court, London",vince.ettel,,ce826bf03710200044e0bfc8bcbe5d58,
Darrel Tork,darrel.tork@example.com,,HR,Bart Hachey,"3 Whitehall Court, London",darrel.tork,,ce826bf03710200044e0bfc8bcbe5d67,
Marianne Earman,marianne.earman@example.com,,Finance,Wes Fontanella,"815 E Street, San Diego,CA",marianne.earman,,ce826bf03710200044e0bfc8bcbe5d70,
Armando Papik,armando.papik@example.com,,HR,Rita Center,"8306 Mills Drive, Miami,FL",armando.papik,,ce826bf03710200044e0bfc8bcbe5d79,
Felipe Gould,felipe.gould@example.com,,IT,Ed Gompf,"650 Dennery Road #102, San Diego,CA",felipe.gould,,ce826bf03710200044e0bfc8bcbe5d82,
Courtney Shishido,courtney.shishido@example.com,,HR,Rita Center,"75-85 York Street, Melbourne",courtney.shishido,,ce826bf03710200044e0bfc8bcbe5d8b,
Diann Burigsay,diann.burigsay@example.com,,HR,Kennith Kirklin,"Bockenheimer Landstraße 123, Frankfurt",diann.burigsay,,ce826bf03710200044e0bfc8bcbe5d94,
Tash Dubrovska,tash.dubrovska@example.com,,Finance,Certification Admin,,tash.dubrovska,Director,cf1ec0b4530360100999ddeeff7b129f,
Robbie Deshay,robbie.deshay@example.com,,Finance,Sherwood Detillier,"2-12-1 Ookayama, Meguro-ku, Tokyo",robbie.deshay,,cf82abf03710200044e0bfc8bcbe5d3c,
Danette Fostervold,danette.fostervold@example.com,,Customer Support,Margot Arenburg,"Paradise Road, Richmond, London",danette.fostervold,,d2826bf03710200044e0bfc8bcbe5d9c,
Waldo Sisk,waldo.sisk@example.com,,Finance,Devon Samrah,"Paradise Road, Richmond, London",waldo.sisk,,d2826bf03710200044e0bfc8bcbe5da5,
Luciano Truiolo,luciano.truiolo@example.com,,Customer Support,Jonathon Waldall,"2500 West Daming Road, Shanghai",luciano.truiolo,,d2826bf03710200044e0bfc8bcbe5dae,
Maryann Garnette,maryann.garnette@example.com,,Customer Support,Margot Arenburg,"27, Boulevard Vitton, Paris",maryann.garnette,,d2826bf03710200044e0bfc8bcbe5db7,
Mellissa Sule,mellissa.sule@example.com,,Customer Support,Jonathon Waldall,"Bockenheimer Landstraße 223, Frankfurt",mellissa.sule,,d2826bf03710200044e0bfc8bcbe5dc0,
Barbara Hindley,barbara.hindley@example.com,,Sales,Luella Pliner,"Bockenheimer Landstraße 223, Frankfurt",barbara.hindley,,d2826bf03710200044e0bfc8bcbe5dc9,
Eddie Gauer,eddie.gauer@example.com,,Sales,Caitlin Reiniger,"2-12-1 Ookayama, Meguro-ku, Tokyo",eddie.gauer,,d2826bf03710200044e0bfc8bcbe5dd2,
Benchmark Scheduler,,,Finance,Certification Admin,,bm.scheduler,,d3383a875b0132003d1c484c11f91a5b,
Problem Manager,problem.manager@example.com,,IT,Ed Gompf,,problem.manager,,d3dbbf173b331300ad3cc9bb34efc466,
Germaine Bruski,germaine.bruski@example.com,,Customer Support,Barton Friesner,"SHS quadra 5, Bloco E., Brasilia",germaine.bruski,,d6826bf03710200044e0bfc8bcbe5d99,
Rebekah Lindboe,rebekah.lindboe@example.com,,HR,Roseann Jerko,"248 Abbotsford Road, Brisbane",rebekah.lindboe,,d6826bf03710200044e0bfc8bcbe5d9e,
Steve Schorr,steve.schorr@example.com,,Sales,Luella Pliner,"302 Washington Street, San Diego,CA",steve.schorr,,d6826bf03710200044e0bfc8bcbe5da7,
Darrel Ruffins,darrel.ruffins@example.com,,Sales,Leif Arguin,"2500 West Daming Road, Shanghai",darrel.ruffins,,d6826bf03710200044e0bfc8bcbe5db0,
Judi Kivel,judi.kivel@example.com,,IT,Mariano Maury,"27, Boulevard Vitton, Paris",judi.kivel,,d6826bf03710200044e0bfc8bcbe5db9,
Lina Hybarger,lina.hybarger@example.com,,Sales,Luella Pliner,"Bockenheimer Landstraße 223, Frankfurt",lina.hybarger,,d6826bf03710200044e0bfc8bcbe5dc2,
Pat Hoshaw,pat.hoshaw@example.com,,Finance,Wes Fontanella,"Via Nomentana 56, Rome",pat.hoshaw,,d6826bf03710200044e0bfc8bcbe5dcb,
ATF User,ATF.User@example.com,,Finance,Arya Hajarha,,ATF.User,,d8f57f140b20220050192f15d6673a98,
Melissa Pena,,,HR,Kris Persson,,article.alp,,d999e5fc77e72300454792718a10611d,
Walton Schwallie,walton.schwallie@example.com,,HR,Kasey Nguyen,"Bockenheimer Landstraße 123, Frankfurt",walton.schwallie,,da826bf03710200044e0bfc8bcbe5da0,
Roxie Varenhorst,roxie.varenhorst@example.com,,HR,Rita Center,"248 Abbotsford Road, Brisbane",roxie.varenhorst,,da826bf03710200044e0bfc8bcbe5da9,
Tori Villaescusa,tori.villaescusa@example.com,,HR,Roseann Jerko,"27, Boulevard Vitton, Paris",tori.villaescusa,,da826bf03710200044e0bfc8bcbe5db2,
Bridget Bottella,bridget.bottella@example.com,,HR,Rita Center,"27, Boulevard Vitton, Paris",bridget.bottella,,da826bf03710200044e0bfc8bcbe5dbb,
Jade Erlebach,jade.erlebach@example.com,,Sales,Caitlin Reiniger,"Bockenheimer Landstraße 223, Frankfurt",jade.erlebach,,da826bf03710200044e0bfc8bcbe5dc4,
Vernice Resendes,vernice.resendes@example.com,,Finance,,"2-12-1 Ookayama, Meguro-ku, Tokyo",vernice.resendes,,da826bf03710200044e0bfc8bcbe5dcd,
Arya Hajarha,arya.hajarha@example.com,,Finance,,,arya.hajarha,Senior Developer,dc6053dcd7011200f2d224837e6103e0,
Certification Admin,certification.admin@example.com,,Finance,,,certification_admin,,dd9b3742c37030009b5efcfc5bba8fb6,
Reginald Lunan,reginald.lunan@example.com,,Finance,,"Bockenheimer Landstraße 123, Frankfurt",reginald.lunan,,de826bf03710200044e0bfc8bcbe5da2,
Virgil Chinni,virgil.chinni@example.com,,Finance,,"2500 West Daming Road, Shanghai",virgil.chinni,,de826bf03710200044e0bfc8bcbe5dab,
Robin Grotz,robin.grotz@example.com,,Finance,,"27, Boulevard Vitton, Paris",robin.grotz,,de826bf03710200044e0bfc8bcbe5db4,
Sherwood Detillier,sherwood.detillier@example.com,,Finance,,"Bockenheimer Landstraße 223, Frankfurt",sherwood.detillier,,de826bf03710200044e0bfc8bcbe5dbd,
Devon Samrah,devon.samrah@example.com,,Finance,,"Bockenheimer Landstraße 223, Frankfurt",devon.samrah,,de826bf03710200044e0bfc8bcbe5dc6,
Mayme Staub,mayme.staub@example.com,,Finance,,"2-12-1 Ookayama, Meguro-ku, Tokyo",mayme.staub,,de826bf03710200044e0bfc8bcbe5dcf,
Wes Fontanella,wes.fontanella@example.com,,Finance,,"3 Whitehall Court, London",wes.fontanella,,e2826bf03710200044e0bfc8bcbe5dd7,
Barton Friesner,barton.friesner@example.com,,Customer Support,,"3 Whitehall Court, London",barton.friesner,,e2826bf03710200044e0bfc8bcbe5de0,
Hanna Cinkan,hanna.cinkan@example.com,,Customer Support,,"150 Kennedy Road, Hong Kong",hanna.cinkan,,e2826bf03710200044e0bfc8bcbe5de9,
ATF_TestItilUser2 ATF_TestItilUser2,,,Customer Support,,,ATF_TestItilUser2,,e41683a80b982300cac6c08393673a11,
Margot Arenburg,margot.arenburg@example.com,,Customer Support,,"3 Whitehall Court, London",margot.arenburg,,e6826bf03710200044e0bfc8bcbe5dd9,
Jannie Bowditch,jannie.bowditch@example.com,,Customer Support,,"7525 Paragon Road, Washington,OH",jannie.bowditch,,e6826bf03710200044e0bfc8bcbe5de2,
Bette Barcelona,bette.barcelona@example.com,,Customer Support,,"27, Boulevard Vitton, Paris",bette.barcelona,,e6826bf03710200044e0bfc8bcbe5deb,
Jonathon Waldall,jonathon.waldall@example.com,,Customer Support,,"3 Whitehall Court, London",jonathon.waldall,,ea826bf03710200044e0bfc8bcbe5ddb,
Deshawn Inafuku,deshawn.inafuku@example.com,,Customer Support,,"540 North Dearborn Street, Chicago,IL",deshawn.inafuku,,ea826bf03710200044e0bfc8bcbe5de4,
Nickolas Khosravi,nickolas.khosravi@example.com,,Customer Support,,"Via Nomentana 56, Rome",nickolas.khosravi,,ea826bf03710200044e0bfc8bcbe5ded,
Lizzie Torregrossa,lizzie.torregrossa@example.com,,Customer Support,,"SHS quadra 5, Bloco E., Brasilia",lizzie.torregrossa,,ee826bf03710200044e0bfc8bcbe5dd4,
Garfield Lijewski,garfield.lijewski@example.com,,HR,,"3 Whitehall Court, London",garfield.lijewski,,ee826bf03710200044e0bfc8bcbe5ddd,
Bernard Laboy,bernard.laboy@example.com,,HR,,"9201 Warren Parkway #200, Frisco,TX",bernard.laboy,,ee826bf03710200044e0bfc8bcbe5de6,
Bart Hachey,bart.hachey@example.com,,HR,,"2-12-1 Ookayama, Meguro-ku, Tokyo",bart.hachey,,ee826bf03710200044e0bfc8bcbe5def,
Kasey Nguyen,kasey.nguyen@example.com,,HR,,"2500 West Daming Road, Shanghai",kasey.nguyen,,f1826bf03710200044e0bfc8bcbe5d21,
Kris Persson,kris.persson@example.com,,HR,,"27, Boulevard Vitton, Paris",kris.persson,,f1826bf03710200044e0bfc8bcbe5d2a,
Kennith Kirklin,kennith.kirklin@example.com,,HR,,"Bockenheimer Landstraße 123, Frankfurt",kennith.kirklin,,f1826bf03710200044e0bfc8bcbe5d33,
Rita Center,rita.center@example.com,,HR,,"2-10-1 Yurakucho, Chiyoda-ku, Tokyo",rita.center,,f1826bf03710200044e0bfc8bcbe5d3c,
Benjamin Schkade,benjamin.schkade@example.com,,HR,,"Paradise Road, Richmond, London",benjamin.schkade,,f2826bf03710200044e0bfc8bcbe5df2,
Maryjane Arata,maryjane.arata@example.com,,HR,,"Karmelitska 2, Lesser Town, Prague",maryjane.arata,,f2826bf03710200044e0bfc8bcbe5dfb,
Roseann Jerko,roseann.jerko@example.com,,HR,,"30 Katharinenstr, Hamburg",roseann.jerko,,f282abf03710200044e0bfc8bcbe5d04,
Tia Neumaier,tia.neumaier@example.com,,Sales,,"Carretera Cancun-Chetumal KM 22, Cancun",tia.neumaier,,f282abf03710200044e0bfc8bcbe5d12,
Caitlin Reiniger,caitlin.reiniger@example.com,,Sales,,"Paradise Road, Richmond, London",caitlin.reiniger,,f282abf03710200044e0bfc8bcbe5d1b,
Luella Pliner,luella.pliner@example.com,,Sales,,"621 6th Avenue South, North Myrtle Beach,SC",luella.pliner,,f282abf03710200044e0bfc8bcbe5d24,
Pilar Suddeth,pilar.suddeth@example.com,,Sales,,"27, Boulevard Vitton, Paris",pilar.suddeth,,f282abf03710200044e0bfc8bcbe5d2d,
Leif Arguin,leif.arguin@example.com,,Sales,,"30 Katharinenstr, Hamburg",leif.arguin,,f282abf03710200044e0bfc8bcbe5d36,
Bow Ruggeri,bow.ruggeri@example.com,,Sales,,"13308 Midland Road, Poway,CA",bow.ruggeri,,f298d2d2c611227b0106c6be7f154bc8,
Software Manager,,,Sales,,,sam,Tester,f2c0b27247702000cdd1706eecde27c8,
Owen Sparacino,owen.sparacino@example.com,,Sales,,"Karmelitska 2, Lesser Town, Prague",owen.sparacino,,f5826bf03710200044e0bfc8bcbe5d23,
Damion Matkin,damion.matkin@example.com,,Sales,,"27, Boulevard Vitton, Paris",damion.matkin,,f5826bf03710200044e0bfc8bcbe5d2c,
Ed Gompf,ed.gompf@example.com,,IT,,"Bockenheimer Landstraße 123, Frankfurt",ed.gompf,,f5826bf03710200044e0bfc8bcbe5d35,
Mariano Maury,mariano.maury@example.com,,IT,,"13770 Noel Road, Dallas,TX",mariano.maury,,f6826bf03710200044e0bfc8bcbe5df4,
